Loan_ID,Borrower_Name,Sector,Outstanding_Amount_Mn,Revenue_Mn,Enterprise_Value_Mn,Reported_GHG_Emissions_tCO2e,Reported_Missing_Flag,ESG_Score_0_100,Governance_Risk_1_5,Emissions_Intensity_tCO2e_per_M_Rev,Debt_to_EV_Ratio
LID1000,Borrower 1,Manufacturing,133.31,597.24,2067.2,119910.0,0,20,1,850,0.06448819659442726
LID1009,Borrower 10,Real Estate,270.24,1026.39,297.73,21802.0,0,54,3,250,0.9076680213616364
LID1099,Borrower 100,Oil & Gas,207.56,852.34,1385.71,14857.0,0,28,2,1500,0.14978603026607298
LID1999,Borrower 1000,Manufacturing,176.98,1755.69,609.9,47366.0,0,61,2,850,0.29017871782259386
LID1100,Borrower 101,Oil & Gas,76.03,1838.67,413.98,136376.0,0,72,5,1500,0.1836562152761003
LID1101,Borrower 102,Tech Services,486.1,1112.75,2282.9,29092.0,0,80,2,10,0.21293092119672347
LID1102,Borrower 103,Manufacturing,447.7,400.11,2756.46,172559.0,0,57,1,850,0.1624184642621333
LID1103,Borrower 104,Tech Services,467.49,1422.21,1386.96,16955.0,0,22,1,10,0.33706091019207474
LID1104,Borrower 105,Retail,497.71,1607.2,887.33,16119.0,0,89,5,150,0.5609074414253997
LID1105,Borrower 106,Manufacturing,128.25,701.85,1388.05,34667.0,0,74,4,850,0.09239580706746875
LID1106,Borrower 107,Manufacturing,228.31,1728.64,2211.83,0.0,1,20,1,850,0.10322221870577758
LID1107,Borrower 108,Real Estate,391.21,1821.67,175.8,5425.0,0,89,1,250,2.2253128555176334
LID1108,Borrower 109,Manufacturing,363.21,626.12,1829.94,0.0,1,64,5,850,0.19848191743991606
LID1010,Borrower 11,Oil & Gas,149.54,163.87,1714.25,52153.0,0,24,1,1500,0.08723348403091731
LID1109,Borrower 110,Oil & Gas,119.25,1968.69,1897.88,289983.0,0,66,3,1500,0.06283326659219761
LID1110,Borrower 111,Manufacturing,417.12,367.35,1967.41,291112.0,0,45,2,850,0.21201478085401618
LID1111,Borrower 112,Oil & Gas,151.0,483.83,839.76,259926.0,0,33,1,1500,0.17981327998475755
LID1112,Borrower 113,Retail,150.72,450.03,2185.05,30239.0,0,73,3,150,0.0689778265943571
LID1113,Borrower 114,Retail,291.64,1798.58,410.47,35193.0,0,90,4,150,0.7105025945866932
LID1114,Borrower 115,Tech Services,316.82,1343.16,717.92,14618.0,0,65,3,10,0.44130265210608427
LID1115,Borrower 116,Retail,311.04,389.0,2650.79,31723.0,0,50,5,150,0.11733860471783884
LID1116,Borrower 117,Retail,91.17,936.61,2255.36,0.0,1,78,4,150,0.040423701759364356
LID1117,Borrower 118,Oil & Gas,444.86,1269.07,189.17,146159.0,0,48,4,1500,2.351641380768621
LID1118,Borrower 119,Retail,169.52,258.58,857.87,38010.0,0,36,3,150,0.19760569783300502
LID1011,Borrower 12,Retail,494.45,219.04,969.75,35477.0,0,41,5,150,0.5098736787831916
LID1119,Borrower 120,Tech Services,108.28,1776.59,761.06,14455.0,0,33,5,10,0.14227524768086616
LID1120,Borrower 121,Retail,449.94,1626.85,921.8,16243.0,0,55,1,150,0.4881102191364721
LID1121,Borrower 122,Retail,480.04,1059.89,855.55,46270.0,0,77,3,150,0.5610893577231022
LID1122,Borrower 123,Manufacturing,437.96,1937.54,328.2,19699.0,0,43,1,850,1.334430225472273
LID1123,Borrower 124,Oil & Gas,414.28,893.75,1457.98,0.0,1,82,3,1500,0.2841465589377083
LID1124,Borrower 125,Manufacturing,344.86,1969.81,2238.29,274102.0,0,44,1,850,0.1540729753517194
LID1125,Borrower 126,Manufacturing,297.89,1369.05,1879.19,184278.0,0,78,3,850,0.15852042635390778
LID1126,Borrower 127,Retail,89.14,1305.88,2067.68,27547.0,0,51,4,150,0.04311111970904589
LID1127,Borrower 128,Retail,233.8,415.31,381.28,0.0,1,37,2,150,0.613197650020982
LID1128,Borrower 129,Oil & Gas,217.71,1775.66,2861.75,104953.0,0,56,4,1500,0.07607582772778894
LID1012,Borrower 13,Retail,474.83,1822.23,1024.31,27000.0,0,76,5,150,0.46356083607501636
LID1129,Borrower 130,Tech Services,166.89,912.23,2539.7,42676.0,0,45,1,10,0.06571248572666064
LID1130,Borrower 131,Manufacturing,375.54,408.24,2444.51,169088.0,0,28,5,850,0.15362588003321728
LID1131,Borrower 132,Manufacturing,273.14,123.95,2495.5,155878.0,0,83,4,850,0.10945301542776999
LID1132,Borrower 133,Oil & Gas,86.47,1163.54,2808.22,32575.0,0,91,2,1500,0.030791747085342318
LID1133,Borrower 134,Manufacturing,149.08,1102.06,1701.12,7760.0,0,39,1,850,0.08763638073739655
LID1134,Borrower 135,Retail,357.47,1466.77,720.8,48202.0,0,73,4,150,0.49593507214206445
LID1135,Borrower 136,Manufacturing,84.26,1791.49,1907.83,114965.0,0,49,3,850,0.044165360645340525
LID1136,Borrower 137,Tech Services,433.04,250.87,2267.21,30359.0,0,72,5,10,0.19100127469444825
LID1137,Borrower 138,Real Estate,272.82,1489.84,2253.06,4446.0,0,82,1,250,0.12108865276557215
LID1138,Borrower 139,Manufacturing,266.26,456.08,1636.13,205885.0,0,30,4,850,0.16273767976872253
LID1013,Borrower 14,Manufacturing,67.74,364.57,1155.93,191691.0,0,66,2,850,0.05860216449092937
LID1139,Borrower 140,Retail,316.58,1730.54,345.11,46662.0,0,50,1,150,0.9173307061516617
LID1140,Borrower 141,Retail,421.11,1656.22,1207.67,28995.0,0,68,3,150,0.3486962498033403
LID1141,Borrower 142,Manufacturing,206.51,1127.51,2774.18,40456.0,0,38,2,850,0.07444001470704857
LID1142,Borrower 143,Manufacturing,355.11,1449.46,1815.68,175771.0,0,31,4,850,0.19557961755375397
LID1143,Borrower 144,Manufacturing,304.58,697.27,1684.25,0.0,1,34,1,850,0.18084013655929937
LID1144,Borrower 145,Manufacturing,170.16,995.22,916.23,0.0,1,50,1,850,0.1857175600013097
LID1145,Borrower 146,Oil & Gas,445.38,1661.11,1200.08,264312.0,0,62,1,1500,0.37112525831611226
LID1146,Borrower 147,Tech Services,408.84,972.6,2701.74,32610.0,0,56,2,10,0.15132470185880212
LID1147,Borrower 148,Tech Services,346.3,779.82,2049.42,45013.0,0,48,1,10,0.16897463672648846
LID1148,Borrower 149,Oil & Gas,432.76,1039.0,2394.05,188181.0,0,45,5,1500,0.18076481276497983
LID1014,Borrower 15,Oil & Gas,367.51,1111.6,1920.68,61357.0,0,73,3,1500,0.19134369077618343
LID1149,Borrower 150,Manufacturing,440.28,1673.67,1444.88,41993.0,0,21,5,850,0.30471734676928186
LID1150,Borrower 151,Retail,368.76,736.9,1946.2,15830.0,0,34,1,150,0.18947692940088376
LID1151,Borrower 152,Manufacturing,426.66,430.15,857.89,62933.0,0,23,5,850,0.4973364883609787
LID1152,Borrower 153,Oil & Gas,363.86,1452.83,2160.56,272921.0,0,69,4,1500,0.1684100418410042
LID1153,Borrower 154,Manufacturing,356.06,1669.36,1368.66,228839.0,0,57,5,850,0.2601522657197551
LID1154,Borrower 155,Retail,328.38,291.21,1411.25,33982.0,0,42,1,150,0.2326873339238264
LID1155,Borrower 156,Manufacturing,388.72,555.76,2000.57,92387.0,0,78,3,850,0.19430462318239303
LID1156,Borrower 157,Real Estate,121.37,369.75,2818.4,9610.0,0,94,4,250,0.043063440249787116
LID1157,Borrower 158,Real Estate,446.39,761.09,332.42,0.0,1,47,2,250,1.3428494073762107
LID1158,Borrower 159,Manufacturing,442.33,955.67,2500.52,0.0,1,85,1,850,0.17689520579719417
LID1015,Borrower 16,Oil & Gas,466.36,881.08,1102.04,65889.0,0,22,1,1500,0.42317883198432
LID1159,Borrower 160,Real Estate,63.16,1522.77,983.29,11677.0,0,27,2,250,0.06423333909629916
LID1160,Borrower 161,Manufacturing,421.62,1337.18,1415.17,186137.0,0,48,3,850,0.29792887073637797
LID1161,Borrower 162,Tech Services,107.99,1279.76,212.45,2497.0,0,30,2,10,0.5083078371381502
LID1162,Borrower 163,Tech Services,200.8,769.51,1007.98,16645.0,0,37,1,10,0.19921030179170224
LID1163,Borrower 164,Tech Services,384.58,1698.75,1582.5,23694.0,0,74,1,10,0.2430205371248025
LID1164,Borrower 165,Oil & Gas,122.34,995.45,310.1,46944.0,0,69,3,1500,0.3945178974524347
LID1165,Borrower 166,Retail,418.09,1960.3,1549.62,49240.0,0,33,1,150,0.2698016287864122
LID1166,Borrower 167,Manufacturing,424.46,1304.87,2792.27,65102.0,0,93,3,850,0.15201252027919934
LID1167,Borrower 168,Oil & Gas,278.36,339.9,450.37,41715.0,0,28,3,1500,0.618069587228279
LID1168,Borrower 169,Oil & Gas,52.87,1384.74,2328.66,63450.0,0,30,1,1500,0.022704044386041757
LID1016,Borrower 17,Manufacturing,131.26,759.95,2238.19,0.0,1,72,2,850,0.05864560202663759
LID1169,Borrower 170,Tech Services,179.17,717.7,1317.56,38569.0,0,82,5,10,0.1359862169464768
LID1170,Borrower 171,Real Estate,327.62,1404.02,2017.25,21563.0,0,86,3,250,0.16240922047341677
LID1171,Borrower 172,Oil & Gas,491.53,232.32,891.67,0.0,1,72,1,1500,0.5512465373961218
LID1172,Borrower 173,Tech Services,334.32,432.27,604.55,1540.0,0,58,5,10,0.5530063683731702
LID1173,Borrower 174,Manufacturing,166.91,1725.9,607.32,13226.0,0,75,3,850,0.2748304024237634
LID1174,Borrower 175,Tech Services,335.3,531.64,350.9,0.0,1,47,5,10,0.9555428897121688
LID1175,Borrower 176,Oil & Gas,292.99,1690.38,679.09,0.0,1,94,4,1500,0.43144502201475504
LID1176,Borrower 177,Real Estate,400.93,630.62,2043.03,44319.0,0,58,4,250,0.1962428353964455
LID1177,Borrower 178,Manufacturing,98.14,1321.48,2662.82,0.0,1,44,5,850,0.03685566429574661
LID1178,Borrower 179,Retail,392.46,1418.89,2470.26,27149.0,0,40,3,150,0.1588739646838794
LID1017,Borrower 18,Tech Services,305.58,1809.68,1302.9,0.0,1,50,2,10,0.23453833755468567
LID1179,Borrower 180,Oil & Gas,293.57,1074.04,2102.63,274229.0,0,29,1,1500,0.13962038019052328
LID1180,Borrower 181,Manufacturing,483.35,680.09,464.73,118228.0,0,62,2,850,1.040066275041422
LID1181,Borrower 182,Oil & Gas,203.84,504.02,974.18,249381.0,0,34,1,1500,0.20924264509638876
LID1182,Borrower 183,Retail,334.68,163.06,1032.95,7118.0,0,67,2,150,0.32400406602449294
LID1183,Borrower 184,Retail,469.41,677.5,862.38,46802.0,0,40,2,150,0.5443192096291658
LID1184,Borrower 185,Manufacturing,96.13,1341.01,1617.77,226173.0,0,79,3,850,0.0594213021628538
LID1185,Borrower 186,Real Estate,471.75,1882.78,1676.33,47096.0,0,69,5,250,0.28141833648505965
LID1186,Borrower 187,Retail,359.55,1755.29,1167.13,33993.0,0,42,1,150,0.30806336911912124
LID1187,Borrower 188,Tech Services,80.53,1555.52,1158.3,18488.0,0,32,5,10,0.0695243028576362
LID1188,Borrower 189,Tech Services,185.43,1598.05,2511.38,46940.0,0,88,4,10,0.0738358989878075
LID1018,Borrower 19,Manufacturing,461.97,141.46,344.81,169244.0,0,88,4,850,1.3397813288477713
LID1189,Borrower 190,Manufacturing,368.68,1363.47,2399.48,84843.0,0,23,3,850,0.15364995749078966
LID1190,Borrower 191,Oil & Gas,80.31,594.55,1027.22,101655.0,0,91,3,1500,0.07818188898191235
LID1191,Borrower 192,Retail,311.98,1823.67,2754.3,0.0,1,28,4,150,0.1132701593871401
LID1192,Borrower 193,Retail,205.65,1374.39,2865.52,38383.0,0,54,1,150,0.0717670789245931
LID1193,Borrower 194,Tech Services,329.41,1164.84,1081.22,46505.0,0,40,4,10,0.30466510053458135
LID1194,Borrower 195,Manufacturing,70.58,310.88,1160.11,63826.0,0,77,1,850,0.06083905836515503
LID1195,Borrower 196,Manufacturing,442.19,949.41,1591.06,240005.0,0,37,2,850,0.277921637147562
LID1196,Borrower 197,Real Estate,488.07,974.68,2832.19,37058.0,0,91,3,250,0.17232954003792117
LID1197,Borrower 198,Retail,486.0,1742.67,2647.51,3658.0,0,62,1,150,0.18356871173291128
LID1198,Borrower 199,Retail,387.34,1138.63,442.32,19668.0,0,25,5,150,0.8757008500633026
LID1001,Borrower 2,Retail,293.86,569.26,2420.54,0.0,1,70,4,150,0.12140266221586919
LID1019,Borrower 20,Manufacturing,65.28,1361.2,2383.72,257807.0,0,52,5,850,0.02738576678468948
LID1199,Borrower 200,Real Estate,108.54,822.76,1269.28,14497.0,0,86,5,250,0.08551304676667087
LID1200,Borrower 201,Tech Services,391.22,1955.92,1727.11,0.0,1,31,3,10,0.22651712977169958
LID1201,Borrower 202,Oil & Gas,61.06,310.37,1583.93,294935.0,0,31,4,1500,0.03854968338247271
LID1202,Borrower 203,Oil & Gas,59.96,902.84,702.51,193905.0,0,85,4,1500,0.08535109820500776
LID1203,Borrower 204,Retail,195.62,179.85,2597.63,0.0,1,21,1,150,0.07530710686279415
LID1204,Borrower 205,Tech Services,269.89,1505.82,2079.28,48843.0,0,34,4,10,0.12979973837097455
LID1205,Borrower 206,Oil & Gas,396.68,1844.35,2538.04,115029.0,0,42,3,1500,0.15629383303651637
LID1206,Borrower 207,Oil & Gas,357.48,632.07,2597.48,241147.0,0,48,1,1500,0.13762569875417713
LID1207,Borrower 208,Real Estate,250.66,1730.85,2282.81,22009.0,0,26,2,250,0.10980326877839154
LID1208,Borrower 209,Oil & Gas,173.13,655.21,1401.75,261252.0,0,47,4,1500,0.12350989834135902
LID1020,Borrower 21,Tech Services,363.84,1930.45,964.41,33513.0,0,91,1,10,0.3772669300401281
LID1209,Borrower 210,Oil & Gas,498.71,1830.46,1890.06,56655.0,0,33,4,1500,0.2638593483804747
LID1210,Borrower 211,Tech Services,241.78,1532.53,607.04,47410.0,0,63,1,10,0.39829335793357934
LID1211,Borrower 212,Real Estate,253.12,1629.32,2069.89,11329.0,0,49,5,250,0.1222866915633198
LID1212,Borrower 213,Real Estate,123.63,134.21,660.87,16648.0,0,51,4,250,0.18707158745290298
LID1213,Borrower 214,Manufacturing,407.66,1929.34,2127.76,227589.0,0,89,3,850,0.19159115689739442
LID1214,Borrower 215,Real Estate,362.16,1480.67,804.35,19991.0,0,25,4,250,0.45025175607633494
LID1215,Borrower 216,Manufacturing,149.35,679.03,485.02,0.0,1,46,2,850,0.3079254463733454
LID1216,Borrower 217,Manufacturing,87.07,1675.85,621.06,135038.0,0,43,4,850,0.14019579428718643
LID1217,Borrower 218,Real Estate,356.22,634.89,155.68,37247.0,0,53,5,250,2.2881551901336077
LID1218,Borrower 219,Tech Services,344.53,1758.23,2198.41,11802.0,0,59,4,10,0.15671780968973031
LID1021,Borrower 22,Oil & Gas,183.81,1164.32,1383.39,132313.0,0,69,1,1500,0.13286925595818966
LID1219,Borrower 220,Retail,172.97,313.9,2237.34,3394.0,0,66,1,150,0.07731055628558914
LID1220,Borrower 221,Real Estate,477.89,1437.0,1617.56,15347.0,0,94,4,250,0.2954388090704518
LID1221,Borrower 222,Tech Services,117.98,1127.33,609.88,23978.0,0,43,5,10,0.19344789138846988
LID1222,Borrower 223,Oil & Gas,244.55,283.42,388.13,0.0,1,84,1,1500,0.6300723984232087
LID1223,Borrower 224,Manufacturing,474.63,559.6,204.52,0.0,1,37,3,850,2.3207021318208487
LID1224,Borrower 225,Manufacturing,238.88,123.57,622.38,121795.0,0,63,1,850,0.38381696069925125
LID1225,Borrower 226,Manufacturing,337.34,990.66,2688.94,20045.0,0,76,2,850,0.12545464011841095
LID1226,Borrower 227,Retail,228.92,672.4,838.38,29374.0,0,47,1,150,0.2730504067368019
LID1227,Borrower 228,Manufacturing,173.4,1236.88,1159.67,265650.0,0,90,3,850,0.14952529598937628
LID1228,Borrower 229,Retail,492.79,664.75,450.23,8011.0,0,42,4,150,1.0945294627190547
LID1022,Borrower 23,Manufacturing,465.98,1879.96,2103.52,286077.0,0,35,1,850,0.2215239218072564
LID1229,Borrower 230,Tech Services,234.2,669.85,783.73,30091.0,0,53,1,10,0.2988274022941574
LID1230,Borrower 231,Real Estate,452.34,1512.07,1629.79,33405.0,0,30,1,250,0.27754495978009436
LID1231,Borrower 232,Tech Services,153.48,191.47,1882.1,21257.0,0,54,1,10,0.08154720790606237
LID1232,Borrower 233,Tech Services,145.9,1815.5,849.25,35204.0,0,61,1,10,0.17179864586399765
LID1233,Borrower 234,Manufacturing,64.01,1719.3,314.54,0.0,1,47,3,850,0.20350352896293
LID1234,Borrower 235,Oil & Gas,343.25,1368.83,1264.44,152877.0,0,43,5,1500,0.27146404732529816
LID1235,Borrower 236,Real Estate,215.84,1227.12,817.48,864.0,0,27,5,250,0.2640309243039585
LID1236,Borrower 237,Manufacturing,438.96,1795.37,775.73,208441.0,0,72,1,850,0.5658669898031531
LID1237,Borrower 238,Oil & Gas,262.94,452.13,2885.61,199419.0,0,91,3,1500,0.09112111477295962
LID1238,Borrower 239,Tech Services,485.69,250.04,1906.46,2401.0,0,23,3,10,0.2547601313429078
LID1023,Borrower 24,Manufacturing,486.98,199.29,1097.5,0.0,1,58,2,850,0.44371753986332574
LID1239,Borrower 240,Oil & Gas,133.49,555.07,1737.1,112370.0,0,24,1,1500,0.07684646825168386
LID1240,Borrower 241,Retail,440.88,1609.7,1334.96,48962.0,0,68,2,150,0.33025708635464734
LID1241,Borrower 242,Retail,399.47,165.87,1372.49,21326.0,0,49,1,150,0.29105494393401776
LID1242,Borrower 243,Retail,396.91,1207.33,1691.58,25346.0,0,91,2,150,0.23463862188013576
LID1243,Borrower 244,Manufacturing,430.15,1991.33,2134.82,273249.0,0,82,1,850,0.20149239748550227
LID1244,Borrower 245,Oil & Gas,392.46,1725.82,2151.12,216027.0,0,66,2,1500,0.1824444940310164
LID1245,Borrower 246,Retail,331.8,1090.75,639.33,0.0,1,45,2,150,0.51898080803341
LID1246,Borrower 247,Manufacturing,109.06,220.92,1575.32,239948.0,0,76,1,850,0.06923037858974684
LID1247,Borrower 248,Retail,64.64,1679.61,1324.08,43286.0,0,56,2,150,0.04881880248927557
LID1248,Borrower 249,Retail,464.38,1238.06,2631.0,23116.0,0,26,4,150,0.17650323071075635
LID1024,Borrower 25,Manufacturing,474.92,895.71,311.27,279259.0,0,65,4,850,1.5257493494393937
LID1249,Borrower 250,Retail,327.49,318.37,1949.54,0.0,1,59,5,150,0.16798321655364856
LID1250,Borrower 251,Manufacturing,408.44,278.33,1667.64,117657.0,0,58,3,850,0.24492096615576503
LID1251,Borrower 252,Manufacturing,266.69,1828.29,478.87,290112.0,0,81,2,850,0.5569152379560215
LID1252,Borrower 253,Retail,102.79,1371.48,1876.07,35010.0,0,72,2,150,0.05479006646873518
LID1253,Borrower 254,Manufacturing,106.33,1675.64,484.03,27717.0,0,23,3,850,0.21967646633473134
LID1254,Borrower 255,Oil & Gas,358.5,1770.06,1111.04,259299.0,0,44,2,1500,0.322670650921659
LID1255,Borrower 256,Tech Services,243.64,1186.37,557.1,24288.0,0,26,3,10,0.43733620534912937
LID1256,Borrower 257,Retail,140.24,1083.15,2122.41,0.0,1,47,1,150,0.06607582889262678
LID1257,Borrower 258,Real Estate,271.22,917.81,737.82,27711.0,0,88,4,250,0.36759643273427123
LID1258,Borrower 259,Tech Services,78.89,702.2,1266.8,21150.0,0,86,4,10,0.062275023681717716
LID1025,Borrower 26,Real Estate,263.4,594.3,1215.67,0.0,1,66,3,250,0.21667064252634347
LID1259,Borrower 260,Oil & Gas,311.89,925.73,2702.67,263692.0,0,39,5,1500,0.11540069634842581
LID1260,Borrower 261,Tech Services,171.05,1570.37,732.3,10598.0,0,30,2,10,0.23357913423460333
LID1261,Borrower 262,Retail,408.9,1243.65,1597.24,0.0,1,86,5,150,0.25600410708472116
LID1262,Borrower 263,Oil & Gas,189.66,1795.79,1344.92,168634.0,0,26,1,1500,0.14101954019569937
LID1263,Borrower 264,Tech Services,254.85,942.42,201.65,3203.0,0,42,4,10,1.263823456484007
LID1264,Borrower 265,Retail,55.23,1253.47,2409.36,48606.0,0,80,1,150,0.022923099910349635
LID1265,Borrower 266,Real Estate,82.6,1299.48,346.78,25874.0,0,90,1,250,0.23819136051675413
LID1266,Borrower 267,Real Estate,226.62,1224.22,1501.63,14898.0,0,53,2,250,0.1509160046083256
LID1267,Borrower 268,Real Estate,265.97,1435.0,1747.93,23736.0,0,38,1,250,0.15216284404981895
LID1268,Borrower 269,Manufacturing,320.01,551.12,1941.02,0.0,1,77,4,850,0.1648669256370362
LID1026,Borrower 27,Oil & Gas,437.92,1488.56,2841.68,79895.0,0,63,2,1500,0.1541060217899271
LID1269,Borrower 270,Manufacturing,181.25,1073.49,2112.6,0.0,1,28,5,850,0.08579475527785667
LID1270,Borrower 271,Retail,362.74,298.03,871.83,10037.0,0,67,4,150,0.41606735258020483
LID1271,Borrower 272,Retail,437.06,830.57,178.44,0.0,1,60,2,150,2.449338713292984
LID1272,Borrower 273,Retail,400.93,1026.57,2211.81,15244.0,0,67,4,150,0.18126783041943026
LID1273,Borrower 274,Retail,67.83,1339.23,1676.62,39112.0,0,64,3,150,0.040456394412568146
LID1274,Borrower 275,Tech Services,266.23,1906.01,2532.94,23846.0,0,44,5,10,0.10510710873530364
LID1275,Borrower 276,Tech Services,97.22,1241.24,2490.96,11760.0,0,44,3,10,0.0390291293316633
LID1276,Borrower 277,Real Estate,158.92,1512.83,2553.48,8726.0,0,38,3,250,0.06223663392703291
LID1277,Borrower 278,Tech Services,494.0,1061.91,1532.52,16970.0,0,58,2,10,0.32234489598830685
LID1278,Borrower 279,Real Estate,114.12,1304.8,1100.84,47026.0,0,46,1,250,0.10366629119581412
LID1027,Borrower 28,Tech Services,430.05,1964.46,1978.94,3115.0,0,28,3,10,0.2173133091453
LID1279,Borrower 280,Real Estate,274.5,234.77,2405.94,17480.0,0,93,3,250,0.11409262076361006
LID1280,Borrower 281,Retail,328.17,583.34,1436.19,49412.0,0,82,4,150,0.22850040732772126
LID1281,Borrower 282,Manufacturing,366.11,787.52,672.81,147113.0,0,87,1,850,0.5441506517441774
LID1282,Borrower 283,Manufacturing,301.84,997.74,2586.68,56212.0,0,38,4,850,0.11669012015401982
LID1283,Borrower 284,Oil & Gas,54.4,186.73,2665.3,267669.0,0,47,4,1500,0.020410460360934978
LID1284,Borrower 285,Tech Services,196.91,366.05,1478.98,23288.0,0,52,1,10,0.1331390552948654
LID1285,Borrower 286,Oil & Gas,282.97,625.95,365.74,213772.0,0,29,1,1500,0.7736916935527971
LID1286,Borrower 287,Manufacturing,89.54,1945.91,1255.3,0.0,1,49,4,850,0.07132956265434558
LID1287,Borrower 288,Tech Services,207.78,729.56,2440.08,2984.0,0,41,2,10,0.08515294580505557
LID1288,Borrower 289,Manufacturing,64.94,1015.88,2720.06,31718.0,0,22,5,850,0.023874473357205356
LID1028,Borrower 29,Tech Services,193.6,587.41,2063.72,36441.0,0,69,4,10,0.09381117593471983
LID1289,Borrower 290,Tech Services,85.36,472.59,729.9,0.0,1,94,5,10,0.11694752705850117
LID1290,Borrower 291,Oil & Gas,228.62,1260.48,340.87,86702.0,0,67,2,1500,0.6706955730923813
LID1291,Borrower 292,Oil & Gas,109.72,633.3,2650.45,57738.0,0,21,1,1500,0.04139674394914072
LID1292,Borrower 293,Retail,305.39,493.29,1259.8,2448.0,0,73,4,150,0.24241149388791872
LID1293,Borrower 294,Manufacturing,360.26,1081.49,1694.02,0.0,1,25,5,850,0.2126657300386064
LID1294,Borrower 295,Oil & Gas,410.26,110.46,2908.99,233022.0,0,59,4,1500,0.1410317670394192
LID1295,Borrower 296,Tech Services,140.07,114.56,339.71,7154.0,0,21,2,10,0.41232227488151657
LID1296,Borrower 297,Real Estate,125.37,516.23,1997.71,23652.0,0,92,4,250,0.06275685660080793
LID1297,Borrower 298,Manufacturing,97.06,169.77,361.2,182951.0,0,21,2,850,0.2687153931339978
LID1298,Borrower 299,Tech Services,336.39,305.25,1220.09,21703.0,0,93,1,10,0.27570916899572984
LID1002,Borrower 3,Real Estate,442.83,1821.88,863.83,42800.0,0,24,5,250,0.5126355880207911
LID1029,Borrower 30,Oil & Gas,423.01,1342.93,1952.0,39027.0,0,79,5,1500,0.21670594262295081
LID1299,Borrower 300,Oil & Gas,367.91,743.84,2440.87,11051.0,0,74,2,1500,0.15072904333291
LID1300,Borrower 301,Oil & Gas,64.21,1624.91,1385.4,235700.0,0,91,2,1500,0.04634762523458928
LID1301,Borrower 302,Tech Services,471.3,1186.89,2991.97,0.0,1,79,5,10,0.15752163290407326
LID1302,Borrower 303,Tech Services,73.39,1074.07,1743.32,38214.0,0,25,4,10,0.04209783631232361
LID1303,Borrower 304,Tech Services,293.58,657.63,1065.31,44719.0,0,38,5,10,0.2755817555453342
LID1304,Borrower 305,Real Estate,369.08,1870.33,777.32,0.0,1,46,3,250,0.47481088869448873
LID1305,Borrower 306,Retail,441.94,854.33,1148.98,27009.0,0,20,2,150,0.3846368082995352
LID1306,Borrower 307,Tech Services,371.34,265.48,1211.72,24111.0,0,52,3,10,0.30645693724622847
LID1307,Borrower 308,Manufacturing,410.78,1272.43,345.83,118595.0,0,59,5,850,1.1878090391232687
LID1308,Borrower 309,Real Estate,202.75,316.29,1203.29,0.0,1,51,4,250,0.16849637244554513
LID1030,Borrower 31,Tech Services,66.65,476.39,717.13,15487.0,0,34,1,10,0.09293991326537727
LID1309,Borrower 310,Manufacturing,416.67,755.92,1473.08,268498.0,0,88,5,850,0.2828563282374345
LID1310,Borrower 311,Manufacturing,86.05,1064.08,2209.8,102737.0,0,36,4,850,0.038940175581500584
LID1311,Borrower 312,Oil & Gas,452.67,1761.02,2021.68,0.0,1,27,4,1500,0.22390783902496933
LID1312,Borrower 313,Oil & Gas,296.42,1037.74,2169.98,278292.0,0,76,1,1500,0.13660033733029797
LID1313,Borrower 314,Retail,417.78,1434.29,173.84,0.0,1,61,2,150,2.4032443626323055
LID1314,Borrower 315,Retail,253.54,1986.35,770.35,0.0,1,28,5,150,0.32912312585188547
LID1315,Borrower 316,Real Estate,339.61,349.83,2035.8,22915.0,0,54,4,250,0.166818940956872
LID1316,Borrower 317,Manufacturing,286.88,621.99,1529.37,85772.0,0,90,5,850,0.18758050700615286
LID1317,Borrower 318,Oil & Gas,379.22,849.69,165.14,287785.0,0,72,5,1500,2.296354608211215
LID1318,Borrower 319,Oil & Gas,86.73,901.47,2442.81,45416.0,0,73,4,1500,0.03550419394058482
LID1031,Borrower 32,Oil & Gas,318.32,1174.13,1342.25,161144.0,0,55,3,1500,0.23715403240826968
LID1319,Borrower 320,Manufacturing,77.16,880.94,2352.51,175209.0,0,44,3,850,0.032799010418659215
LID1320,Borrower 321,Tech Services,161.2,1824.46,1712.99,14486.0,0,86,2,10,0.0941044606214864
LID1321,Borrower 322,Real Estate,121.8,1456.66,339.42,0.0,1,81,2,250,0.3588474456425667
LID1322,Borrower 323,Real Estate,442.3,1255.02,2334.57,20546.0,0,74,1,250,0.18945673078982425
LID1323,Borrower 324,Manufacturing,148.65,687.81,1813.58,299642.0,0,65,1,850,0.0819649532967942
LID1324,Borrower 325,Retail,489.14,1665.2,2378.59,0.0,1,43,1,150,0.20564283882468182
LID1325,Borrower 326,Real Estate,201.6,1914.61,2292.48,0.0,1,65,2,250,0.0879396984924623
LID1326,Borrower 327,Tech Services,131.95,1660.28,2438.56,4587.0,0,41,3,10,0.054109802506397214
LID1327,Borrower 328,Tech Services,405.36,102.97,1626.32,0.0,1,30,2,10,0.24924984012986376
LID1328,Borrower 329,Manufacturing,346.42,1309.16,549.92,133550.0,0,67,2,850,0.6299461739889439
LID1032,Borrower 33,Oil & Gas,153.5,981.47,2290.18,170632.0,0,82,2,1500,0.06702529932145072
LID1329,Borrower 330,Manufacturing,274.19,197.16,2062.8,0.0,1,27,2,850,0.1329212720573977
LID1330,Borrower 331,Manufacturing,299.91,589.45,1918.35,79861.0,0,58,2,850,0.15633747751974356
LID1331,Borrower 332,Real Estate,373.64,213.1,2265.42,16165.0,0,54,3,250,0.16493188900954348
LID1332,Borrower 333,Oil & Gas,152.8,1247.21,634.16,28829.0,0,68,1,1500,0.24094865649047562
LID1333,Borrower 334,Oil & Gas,498.35,1404.52,705.68,93056.0,0,65,5,1500,0.7061982768393607
LID1334,Borrower 335,Oil & Gas,488.66,317.53,2687.67,290068.0,0,57,1,1500,0.1818154758582713
LID1335,Borrower 336,Oil & Gas,342.65,829.29,2287.44,283578.0,0,27,1,1500,0.1497962788094988
LID1336,Borrower 337,Retail,139.79,966.85,2738.45,17076.0,0,73,5,150,0.05104712519856123
LID1337,Borrower 338,Real Estate,356.1,801.2,2312.34,0.0,1,56,2,250,0.15399984431355251
LID1338,Borrower 339,Manufacturing,82.49,329.95,1851.89,273150.0,0,59,3,850,0.04454368240014255
LID1033,Borrower 34,Retail,104.26,1946.81,438.91,0.0,1,88,3,150,0.23754300426055455
LID1339,Borrower 340,Oil & Gas,63.79,896.0,2014.28,4837.0,0,53,3,1500,0.03166888416704728
LID1340,Borrower 341,Manufacturing,165.96,1527.24,2684.01,243773.0,0,36,1,850,0.06183285457207685
LID1341,Borrower 342,Manufacturing,258.18,234.91,1799.6,284666.0,0,52,5,850,0.14346521449210936
LID1342,Borrower 343,Oil & Gas,440.72,252.34,1952.32,0.0,1,66,4,1500,0.225741681691526
LID1343,Borrower 344,Manufacturing,377.23,774.07,595.96,0.0,1,71,2,850,0.6329787234042553
LID1344,Borrower 345,Manufacturing,384.22,1889.28,1500.68,288342.0,0,28,1,850,0.2560305994615774
LID1345,Borrower 346,Tech Services,241.47,1370.29,2191.73,27108.0,0,52,3,10,0.11017324214205217
LID1346,Borrower 347,Tech Services,205.67,1389.47,922.19,1203.0,0,79,5,10,0.22302345503638077
LID1347,Borrower 348,Oil & Gas,216.97,787.65,726.42,79517.0,0,40,5,1500,0.2986839569395116
LID1348,Borrower 349,Manufacturing,494.44,1227.96,1044.41,0.0,1,77,1,850,0.47341561264254456
LID1034,Borrower 35,Retail,84.63,1256.2,941.88,8730.0,0,60,5,150,0.08985221047267167
LID1349,Borrower 350,Tech Services,68.05,119.25,838.28,34799.0,0,88,4,10,0.0811781266402634
LID1350,Borrower 351,Tech Services,440.16,1308.58,762.5,36791.0,0,29,3,10,0.5772590163934427
LID1351,Borrower 352,Retail,310.4,1835.25,1360.82,49773.0,0,25,1,150,0.228097764583119
LID1352,Borrower 353,Real Estate,247.38,1263.89,2737.34,14732.0,0,32,4,250,0.09037240532779997
LID1353,Borrower 354,Oil & Gas,376.37,1760.03,1595.12,0.0,1,84,5,1500,0.23595090024574955
LID1354,Borrower 355,Oil & Gas,269.0,1475.55,685.57,161397.0,0,39,2,1500,0.3923742287439648
LID1355,Borrower 356,Tech Services,443.04,329.06,369.37,20579.0,0,76,3,10,1.1994477082600103
LID1356,Borrower 357,Oil & Gas,455.32,1814.66,2134.05,53241.0,0,65,3,1500,0.21335957451793536
LID1357,Borrower 358,Tech Services,239.77,226.24,1240.98,48884.0,0,27,4,10,0.19321020483811183
LID1358,Borrower 359,Retail,174.57,1114.54,2492.22,42739.0,0,29,1,150,0.07004598309940535
LID1035,Borrower 36,Retail,363.33,764.06,937.51,0.0,1,93,1,150,0.3875478661560943
LID1359,Borrower 360,Tech Services,316.56,370.06,2029.61,25167.0,0,92,5,10,0.15597085154290727
LID1360,Borrower 361,Manufacturing,460.56,122.24,2419.29,182164.0,0,86,4,850,0.19036990191337128
LID1361,Borrower 362,Tech Services,144.8,901.87,925.05,11749.0,0,30,2,10,0.15653207934706234
LID1362,Borrower 363,Manufacturing,330.33,660.58,2123.22,164505.0,0,31,2,850,0.15557973267018962
LID1363,Borrower 364,Tech Services,334.2,1023.4,902.58,34901.0,0,29,2,10,0.37027188725653126
LID1364,Borrower 365,Retail,379.9,1196.68,2826.35,26001.0,0,44,4,150,0.1344136430378403
LID1365,Borrower 366,Manufacturing,109.21,183.1,1963.67,297115.0,0,68,5,850,0.05561525103505171
LID1366,Borrower 367,Retail,372.12,333.71,1074.86,30761.0,0,68,3,150,0.34620322646670265
LID1367,Borrower 368,Retail,459.06,1161.42,918.11,18863.0,0,30,1,150,0.5000054459705264
LID1368,Borrower 369,Oil & Gas,130.86,752.02,694.14,232329.0,0,81,3,1500,0.18852104762727984
LID1036,Borrower 37,Manufacturing,202.94,316.78,1381.25,0.0,1,43,3,850,0.14692488687782806
LID1369,Borrower 370,Oil & Gas,156.89,1485.43,2129.73,53627.0,0,55,5,1500,0.07366661501692702
LID1370,Borrower 371,Oil & Gas,487.13,1339.35,773.34,117201.0,0,58,3,1500,0.6299040525512711
LID1371,Borrower 372,Oil & Gas,131.44,1706.65,1846.61,106047.0,0,72,4,1500,0.07117907950243961
LID1372,Borrower 373,Oil & Gas,434.47,1415.74,904.21,131247.0,0,75,2,1500,0.4804967872507493
LID1373,Borrower 374,Real Estate,271.53,916.87,2036.61,39198.0,0,20,5,250,0.1333244951168854
LID1374,Borrower 375,Oil & Gas,161.25,1378.64,2472.58,146799.0,0,75,5,1500,0.0652152812042482
LID1375,Borrower 376,Manufacturing,441.84,623.22,2367.37,238822.0,0,23,3,850,0.18663749223822215
LID1376,Borrower 377,Retail,250.39,682.0,2318.43,29036.0,0,49,4,150,0.10799981021639644
LID1377,Borrower 378,Oil & Gas,281.67,1599.07,685.01,0.0,1,31,3,1500,0.41119107750251827
LID1378,Borrower 379,Retail,211.66,948.2,401.9,40594.0,0,54,3,150,0.5266484200049764
LID1037,Borrower 38,Oil & Gas,376.15,387.37,2944.05,291036.0,0,68,5,1500,0.1277661724495168
LID1379,Borrower 380,Manufacturing,316.83,1616.92,2142.0,73772.0,0,71,5,850,0.14791316526610643
LID1380,Borrower 381,Oil & Gas,123.59,1662.6,1199.79,69642.0,0,50,3,1500,0.1030096933630052
LID1381,Borrower 382,Real Estate,225.99,1729.37,1382.19,25473.0,0,87,2,250,0.1635013999522497
LID1382,Borrower 383,Tech Services,486.24,1841.61,238.77,13412.0,0,71,3,10,2.036436738283704
LID1383,Borrower 384,Retail,166.16,918.87,889.79,950.0,0,26,2,150,0.1867406916238663
LID1384,Borrower 385,Real Estate,345.53,705.85,245.98,0.0,1,41,5,250,1.4047076998129928
LID1385,Borrower 386,Retail,196.34,1206.18,2655.68,25799.0,0,94,4,150,0.07393210025304255
LID1386,Borrower 387,Manufacturing,398.06,805.23,843.68,0.0,1,75,2,850,0.47181395789872943
LID1387,Borrower 388,Oil & Gas,108.89,1242.04,1738.41,290190.0,0,77,4,1500,0.06263769766625825
LID1388,Borrower 389,Real Estate,486.42,1440.61,261.09,28774.0,0,83,4,250,1.8630357348040907
LID1038,Borrower 39,Real Estate,79.41,528.1,342.38,36518.0,0,37,2,250,0.23193527659325894
LID1389,Borrower 390,Retail,254.21,1407.97,2050.52,43240.0,0,31,2,150,0.12397343112966468
LID1390,Borrower 391,Retail,156.22,811.65,1070.63,7403.0,0,26,5,150,0.14591408796689798
LID1391,Borrower 392,Manufacturing,83.07,417.03,2709.07,172054.0,0,74,1,850,0.03066365948462018
LID1392,Borrower 393,Manufacturing,126.39,918.01,2681.14,260790.0,0,81,4,850,0.04714039550340527
LID1393,Borrower 394,Real Estate,283.9,370.93,1077.08,29364.0,0,92,4,250,0.26358302075983214
LID1394,Borrower 395,Manufacturing,201.65,1791.18,2717.74,0.0,1,74,5,850,0.07419767895383665
LID1395,Borrower 396,Retail,423.0,757.17,2989.05,0.0,1,55,5,150,0.14151653535404224
LID1396,Borrower 397,Retail,243.9,393.47,2502.43,5076.0,0,43,3,150,0.09746526376362177
LID1397,Borrower 398,Manufacturing,161.92,148.35,2557.88,138996.0,0,63,5,850,0.06330242231848249
LID1398,Borrower 399,Real Estate,327.72,1327.06,859.67,20027.0,0,36,4,250,0.38121604801842573
LID1003,Borrower 4,Tech Services,379.5,574.14,1930.89,17330.0,0,32,1,10,0.19654149122943304
LID1039,Borrower 40,Manufacturing,191.88,576.84,1628.3,277013.0,0,26,4,850,0.11784069274703679
LID1399,Borrower 400,Real Estate,368.05,1310.11,1793.6,43419.0,0,21,2,250,0.20520182872435327
LID1400,Borrower 401,Oil & Gas,125.17,747.15,341.68,75467.0,0,32,1,1500,0.36633692343713414
LID1401,Borrower 402,Retail,125.43,236.25,420.52,48353.0,0,50,3,150,0.29827356606106725
LID1402,Borrower 403,Tech Services,66.5,878.29,2996.84,47928.0,0,47,2,10,0.022190040175651685
LID1403,Borrower 404,Retail,381.38,691.31,1080.92,12758.0,0,79,1,150,0.3528290715316582
LID1404,Borrower 405,Manufacturing,348.71,1386.53,2282.32,0.0,1,46,1,850,0.15278751445897154
LID1405,Borrower 406,Retail,263.58,1250.98,2449.0,44830.0,0,34,1,150,0.10762760310330746
LID1406,Borrower 407,Manufacturing,429.88,792.73,2595.37,0.0,1,52,2,850,0.16563341643002732
LID1407,Borrower 408,Oil & Gas,412.55,514.0,2993.24,134701.0,0,39,3,1500,0.13782723737488475
LID1408,Borrower 409,Retail,313.41,1977.27,838.26,16389.0,0,61,3,150,0.3738816119103858
LID1040,Borrower 41,Oil & Gas,292.77,1716.17,661.19,0.0,1,23,2,1500,0.44279254072203145
LID1409,Borrower 410,Oil & Gas,440.72,962.6,265.0,159250.0,0,31,1,1500,1.6630943396226416
LID1410,Borrower 411,Manufacturing,142.63,1407.72,1321.9,207267.0,0,92,2,850,0.10789772297450638
LID1411,Borrower 412,Retail,100.36,367.05,520.73,14037.0,0,42,1,150,0.19272943752040403
LID1412,Borrower 413,Retail,171.39,1022.62,213.91,36955.0,0,91,5,150,0.8012248141741853
LID1413,Borrower 414,Tech Services,75.69,152.32,1177.22,3057.0,0,33,3,10,0.06429554373863848
LID1414,Borrower 415,Tech Services,289.03,1060.36,2383.65,2940.0,0,44,4,10,0.12125521783818932
LID1415,Borrower 416,Manufacturing,471.47,1931.63,1763.61,117727.0,0,50,1,850,0.2673323467206469
LID1416,Borrower 417,Manufacturing,67.7,829.99,1041.42,107982.0,0,73,5,850,0.06500739375084019
LID1417,Borrower 418,Manufacturing,104.95,174.09,2014.87,96743.0,0,24,3,850,0.05208772774422171
LID1418,Borrower 419,Real Estate,253.49,158.82,811.25,24805.0,0,32,2,250,0.3124684129429892
LID1041,Borrower 42,Manufacturing,405.83,1166.32,2916.43,178740.0,0,88,1,850,0.1391530055581653
LID1419,Borrower 420,Real Estate,470.24,837.17,190.99,16376.0,0,47,3,250,2.462118435520184
LID1420,Borrower 421,Real Estate,192.27,404.05,2328.41,10017.0,0,62,2,250,0.08257566322082452
LID1421,Borrower 422,Real Estate,278.26,144.37,1927.67,0.0,1,66,2,250,0.1443504334248082
LID1422,Borrower 423,Oil & Gas,68.71,1536.81,2322.56,292547.0,0,90,1,1500,0.029583735188757232
LID1423,Borrower 424,Manufacturing,116.75,971.19,260.97,125101.0,0,57,1,850,0.4473694294363336
LID1424,Borrower 425,Oil & Gas,493.98,649.57,2535.79,135080.0,0,86,3,1500,0.19480319742565436
LID1425,Borrower 426,Tech Services,484.3,1810.16,1915.65,29039.0,0,81,5,10,0.25281236133949314
LID1426,Borrower 427,Manufacturing,52.22,320.66,1755.68,295052.0,0,58,3,850,0.02974346122300191
LID1427,Borrower 428,Retail,478.32,1916.25,1930.15,12459.0,0,56,4,150,0.24781493666295365
LID1428,Borrower 429,Manufacturing,337.6,696.54,2613.63,205341.0,0,27,2,850,0.12916901015063342
LID1042,Borrower 43,Oil & Gas,193.44,1094.44,472.91,60031.0,0,79,2,1500,0.409041889577298
LID1429,Borrower 430,Oil & Gas,440.56,1787.97,1822.77,215647.0,0,71,2,1500,0.24169807490796974
LID1430,Borrower 431,Oil & Gas,254.63,1245.59,1805.71,183375.0,0,52,1,1500,0.14101378405170265
LID1431,Borrower 432,Real Estate,282.02,1670.74,2973.44,4885.0,0,61,5,250,0.09484637322427894
LID1432,Borrower 433,Tech Services,269.98,1969.63,2306.68,34005.0,0,46,1,10,0.11704267605389566
LID1433,Borrower 434,Oil & Gas,350.09,647.97,1410.54,0.0,1,27,4,1500,0.24819572645937016
LID1434,Borrower 435,Oil & Gas,112.84,1926.16,2166.08,180054.0,0,42,3,1500,0.052094105480868666
LID1435,Borrower 436,Real Estate,63.49,840.02,1259.31,37109.0,0,83,3,250,0.05041649792346603
LID1436,Borrower 437,Oil & Gas,188.57,832.47,802.3,65658.0,0,39,5,1500,0.23503676928829614
LID1437,Borrower 438,Retail,367.11,746.74,1851.03,42160.0,0,35,1,150,0.19832741770797882
LID1438,Borrower 439,Real Estate,140.83,1128.67,2795.32,0.0,1,36,1,250,0.050380636206230414
LID1043,Borrower 44,Retail,331.65,318.06,1300.26,33501.0,0,74,2,150,0.2550643717410364
LID1439,Borrower 440,Oil & Gas,353.04,392.88,2798.05,253612.0,0,38,4,1500,0.12617358517539
LID1440,Borrower 441,Oil & Gas,486.46,1152.05,1124.43,0.0,1,27,3,1500,0.43262808711969614
LID1441,Borrower 442,Retail,92.26,1129.24,1653.88,0.0,1,57,1,150,0.05578397465354197
LID1442,Borrower 443,Manufacturing,352.67,1547.61,753.16,42732.0,0,57,5,850,0.4682537575017261
LID1443,Borrower 444,Manufacturing,249.69,1683.93,2987.55,286132.0,0,72,3,850,0.0835768439021941
LID1444,Borrower 445,Retail,440.66,936.84,2946.19,4097.0,0,50,4,150,0.14956944392588395
LID1445,Borrower 446,Retail,129.72,674.43,2001.1,0.0,1,63,5,150,0.06482434660936486
LID1446,Borrower 447,Retail,361.68,592.74,2442.58,17717.0,0,79,2,150,0.14807293926913345
LID1447,Borrower 448,Real Estate,427.15,469.79,2188.04,31202.0,0,36,4,250,0.19522037988336594
LID1448,Borrower 449,Manufacturing,475.08,209.53,1840.5,164806.0,0,92,5,850,0.25812550937245315
LID1044,Borrower 45,Manufacturing,448.69,1734.27,2252.97,188144.0,0,35,2,850,0.19915489331859726
LID1449,Borrower 450,Oil & Gas,357.46,750.65,302.04,40316.0,0,58,1,1500,1.183485631042246
LID1450,Borrower 451,Real Estate,273.73,613.47,1446.08,14842.0,0,61,2,250,0.18929104890462495
LID1451,Borrower 452,Tech Services,328.03,1936.19,2073.14,12318.0,0,67,4,10,0.1582285808001389
LID1452,Borrower 453,Manufacturing,441.01,1159.65,2080.97,0.0,1,31,1,850,0.2119252079559052
LID1453,Borrower 454,Retail,306.77,759.83,1213.4,0.0,1,37,2,150,0.25281852645459035
LID1454,Borrower 455,Oil & Gas,63.67,1202.89,2833.82,0.0,1,25,3,1500,0.02246790551270017
LID1455,Borrower 456,Manufacturing,468.93,364.47,626.97,67584.0,0,62,1,850,0.7479305229915306
LID1456,Borrower 457,Oil & Gas,360.29,943.68,1576.02,111904.0,0,54,5,1500,0.22860750498090127
LID1457,Borrower 458,Manufacturing,354.43,1289.85,2119.02,119102.0,0,73,4,850,0.16726128115827127
LID1458,Borrower 459,Oil & Gas,147.05,1028.91,2136.84,293008.0,0,81,2,1500,0.0688165702626308
LID1045,Borrower 46,Real Estate,327.14,1473.35,2157.98,30322.0,0,48,2,250,0.15159547354470385
LID1459,Borrower 460,Oil & Gas,346.5,863.38,1998.62,286536.0,0,88,1,1500,0.17336962504127848
LID1460,Borrower 461,Oil & Gas,227.24,1988.31,934.57,240641.0,0,35,3,1500,0.24314925580748364
LID1461,Borrower 462,Tech Services,343.05,1772.6,595.19,12462.0,0,27,4,10,0.576370570742116
LID1462,Borrower 463,Real Estate,97.97,1284.47,1962.43,0.0,1,50,4,250,0.049922799794132784
LID1463,Borrower 464,Tech Services,346.03,1181.82,1858.01,16187.0,0,29,1,10,0.18623688785313317
LID1464,Borrower 465,Retail,499.74,1279.25,661.16,13706.0,0,75,3,150,0.755853348659931
LID1465,Borrower 466,Manufacturing,71.7,482.49,2159.65,153260.0,0,89,2,850,0.03319982404556294
LID1466,Borrower 467,Manufacturing,489.73,850.76,1447.24,233985.0,0,39,1,850,0.3383889334180924
LID1467,Borrower 468,Retail,233.11,174.97,2053.12,42987.0,0,24,2,150,0.11353939370324191
LID1468,Borrower 469,Manufacturing,441.84,1003.54,2536.5,0.0,1,42,4,850,0.1741927853341218
LID1046,Borrower 47,Manufacturing,154.83,228.57,1354.78,148466.0,0,42,1,850,0.11428423803126708
LID1469,Borrower 470,Retail,402.07,1131.75,633.73,0.0,1,28,2,150,0.6344500023669386
LID1470,Borrower 471,Oil & Gas,305.16,532.72,204.56,0.0,1,77,3,1500,1.4917872506843959
LID1471,Borrower 472,Retail,382.3,1931.65,2370.44,0.0,1,78,5,150,0.16127807495654814
LID1472,Borrower 473,Oil & Gas,445.33,1827.96,1887.64,21089.0,0,73,3,1500,0.2359189252187917
LID1473,Borrower 474,Retail,231.86,1472.07,2143.97,35227.0,0,65,2,150,0.1081451699417436
LID1474,Borrower 475,Tech Services,197.16,1113.43,2538.74,986.0,0,41,1,10,0.07766057177970175
LID1475,Borrower 476,Retail,350.42,1752.94,2438.01,20755.0,0,83,4,150,0.14373197812970415
LID1476,Borrower 477,Oil & Gas,413.53,348.24,2888.62,100826.0,0,27,5,1500,0.1431583247363793
LID1477,Borrower 478,Tech Services,393.03,1601.97,1677.41,34822.0,0,39,1,10,0.2343076528696025
LID1478,Borrower 479,Retail,409.02,337.16,1542.21,38429.0,0,70,1,150,0.2652167992685821
LID1047,Borrower 48,Tech Services,60.98,1444.89,1137.59,26669.0,0,33,5,10,0.05360454996967273
LID1479,Borrower 480,Tech Services,246.01,1609.0,1295.38,15553.0,0,58,3,10,0.1899133844894934
LID1480,Borrower 481,Tech Services,418.03,623.96,588.02,40676.0,0,56,2,10,0.7109111934968199
LID1481,Borrower 482,Real Estate,104.09,1766.47,1781.93,15049.0,0,69,3,250,0.05841419135431807
LID1482,Borrower 483,Manufacturing,295.02,1893.68,939.49,135559.0,0,53,2,850,0.3140214371627159
LID1483,Borrower 484,Tech Services,52.59,382.71,2775.73,36487.0,0,94,3,10,0.018946367261945506
LID1484,Borrower 485,Tech Services,196.06,979.08,1812.09,34800.0,0,52,1,10,0.10819550905308235
LID1485,Borrower 486,Retail,214.91,1963.88,1839.59,49375.0,0,50,4,150,0.11682494468876217
LID1486,Borrower 487,Oil & Gas,228.28,1018.47,1161.54,69873.0,0,73,2,1500,0.19653219002358938
LID1487,Borrower 488,Manufacturing,362.96,1740.74,298.17,199708.0,0,63,5,850,1.217292148774189
LID1488,Borrower 489,Retail,224.85,1218.59,240.47,30679.0,0,53,5,150,0.9350438724165177
LID1048,Borrower 49,Tech Services,441.54,1132.72,1283.2,0.0,1,68,3,10,0.3440928927680798
LID1489,Borrower 490,Retail,251.91,813.13,1356.51,45797.0,0,90,1,150,0.18570449167348563
LID1490,Borrower 491,Manufacturing,156.89,642.99,391.01,49440.0,0,81,3,850,0.40124293496330016
LID1491,Borrower 492,Tech Services,217.96,486.12,1879.51,37714.0,0,42,3,10,0.11596639549669861
LID1492,Borrower 493,Manufacturing,152.27,1547.42,2660.77,171776.0,0,65,1,850,0.05722779496160886
LID1493,Borrower 494,Oil & Gas,82.94,834.43,2666.31,84576.0,0,75,5,1500,0.031106660515843994
LID1494,Borrower 495,Manufacturing,321.55,1071.42,2028.28,143907.0,0,26,5,850,0.1585333385923048
LID1495,Borrower 496,Manufacturing,350.7,1035.42,752.01,102132.0,0,80,3,850,0.4663501815135437
LID1496,Borrower 497,Tech Services,328.77,1196.83,2609.54,29176.0,0,22,2,10,0.12598772197398775
LID1497,Borrower 498,Oil & Gas,258.57,1744.6,2675.37,267033.0,0,57,4,1500,0.09664831406497046
LID1498,Borrower 499,Retail,220.9,1963.4,710.46,28681.0,0,53,2,150,0.3109253159924556
LID1004,Borrower 5,Oil & Gas,412.95,616.7,1779.48,261286.0,0,38,2,1500,0.23206217546699034
LID1049,Borrower 50,Oil & Gas,59.57,255.28,903.19,157236.0,0,52,4,1500,0.06595511464918788
LID1499,Borrower 500,Retail,438.5,874.41,2251.66,31770.0,0,63,5,150,0.19474521020047433
LID1500,Borrower 501,Real Estate,283.59,1672.29,966.58,26178.0,0,49,2,250,0.2933952699207515
LID1501,Borrower 502,Tech Services,265.63,1552.6,2437.52,3033.0,0,36,4,10,0.10897551609832945
LID1502,Borrower 503,Manufacturing,61.54,1189.71,2992.13,72159.0,0,78,2,850,0.02056728818600796
LID1503,Borrower 504,Retail,203.56,1916.49,235.57,24854.0,0,29,2,150,0.8641168230250033
LID1504,Borrower 505,Real Estate,221.09,480.9,2707.49,15857.0,0,37,2,250,0.08165865801905087
LID1505,Borrower 506,Oil & Gas,229.47,307.6,1924.5,56984.0,0,64,2,1500,0.11923616523772408
LID1506,Borrower 507,Retail,311.08,1722.53,2924.14,25455.0,0,78,1,150,0.10638341529475333
LID1507,Borrower 508,Retail,290.12,934.38,1475.28,16479.0,0,81,5,150,0.1966541944580012
LID1508,Borrower 509,Retail,323.56,1709.24,2565.06,13276.0,0,78,4,150,0.1261412988390135
LID1050,Borrower 51,Retail,443.62,970.77,735.2,0.0,1,44,3,150,0.6034004352557127
LID1509,Borrower 510,Real Estate,394.2,1796.87,327.82,0.0,1,68,5,250,1.202489170886462
LID1510,Borrower 511,Tech Services,415.84,218.67,1105.55,7098.0,0,82,1,10,0.37613857356067115
LID1511,Borrower 512,Manufacturing,373.16,1778.58,341.0,278540.0,0,51,1,850,1.0943108504398829
LID1512,Borrower 513,Retail,479.99,951.81,2929.73,43451.0,0,29,1,150,0.1638342099783939
LID1513,Borrower 514,Retail,58.2,1069.82,2478.38,35527.0,0,30,1,150,0.02348308169045909
LID1514,Borrower 515,Oil & Gas,138.1,1290.53,2579.76,34546.0,0,89,2,1500,0.05353211151424938
LID1515,Borrower 516,Oil & Gas,53.4,1860.13,2823.2,233436.0,0,81,5,1500,0.01891470671578351
LID1516,Borrower 517,Manufacturing,341.36,136.32,392.54,242963.0,0,66,3,850,0.8696183828399654
LID1517,Borrower 518,Retail,454.11,1006.0,1248.95,0.0,1,53,4,150,0.36359341847151605
LID1518,Borrower 519,Retail,159.57,1406.67,352.45,6141.0,0,36,1,150,0.45274507022272664
LID1051,Borrower 52,Real Estate,288.02,1020.92,1526.66,40356.0,0,40,3,250,0.18866021249001086
LID1519,Borrower 520,Oil & Gas,467.17,1473.14,750.76,194241.0,0,73,5,1500,0.6222627737226277
LID1520,Borrower 521,Tech Services,77.12,1415.81,803.69,0.0,1,59,1,10,0.09595739650860406
LID1521,Borrower 522,Manufacturing,470.5,355.43,1486.96,174474.0,0,38,1,850,0.31641738849733686
LID1522,Borrower 523,Retail,208.23,668.85,915.4,0.0,1,86,1,150,0.2274743281625519
LID1523,Borrower 524,Retail,95.64,781.56,437.79,23189.0,0,72,1,150,0.21846090591379427
LID1524,Borrower 525,Retail,268.64,1628.43,627.35,0.0,1,83,1,150,0.42821391567705425
LID1525,Borrower 526,Manufacturing,165.55,629.64,569.74,13210.0,0,66,4,850,0.2905711377119388
LID1526,Borrower 527,Manufacturing,178.19,500.34,2923.27,192772.0,0,25,5,850,0.06095571055701321
LID1527,Borrower 528,Manufacturing,188.28,1919.15,2313.98,0.0,1,35,1,850,0.08136630394385432
LID1528,Borrower 529,Oil & Gas,411.36,116.84,2908.12,132199.0,0,91,1,1500,0.14145220967497904
LID1052,Borrower 53,Retail,472.58,414.97,915.32,0.0,1,36,4,150,0.5163003102740025
LID1529,Borrower 530,Retail,292.62,1995.86,1403.26,14986.0,0,37,1,150,0.20852871171415133
LID1530,Borrower 531,Retail,190.09,1385.96,943.35,27499.0,0,71,1,150,0.20150527375841415
LID1531,Borrower 532,Retail,324.65,1674.09,2425.14,7104.0,0,67,2,150,0.13386856016559867
LID1532,Borrower 533,Retail,372.27,659.78,1079.82,34736.0,0,62,2,150,0.3447519030949603
LID1533,Borrower 534,Tech Services,172.68,127.2,1003.24,39853.0,0,58,3,10,0.17212232367130498
LID1534,Borrower 535,Real Estate,236.1,1501.95,812.64,8586.0,0,68,1,250,0.29053455404607204
LID1535,Borrower 536,Retail,104.85,1684.87,519.59,5663.0,0,31,3,150,0.20179372197309414
LID1536,Borrower 537,Retail,131.52,1506.9,880.92,7703.0,0,29,4,150,0.1492984607001771
LID1537,Borrower 538,Manufacturing,356.5,371.42,1162.66,263507.0,0,90,3,850,0.3066244645898199
LID1538,Borrower 539,Manufacturing,131.65,1531.51,2070.88,159872.0,0,74,5,850,0.0635720080352314
LID1053,Borrower 54,Retail,409.45,1896.83,969.27,4706.0,0,42,1,150,0.42243131428807246
LID1539,Borrower 540,Oil & Gas,286.32,1560.95,328.31,141777.0,0,20,2,1500,0.8721025859705765
LID1540,Borrower 541,Retail,369.07,1351.23,749.94,5782.0,0,68,2,150,0.49213270394964925
LID1541,Borrower 542,Tech Services,98.09,1555.62,2455.72,32653.0,0,55,1,10,0.03994347889824573
LID1542,Borrower 543,Manufacturing,305.29,1707.25,568.73,260796.0,0,40,1,850,0.5367925025934979
LID1543,Borrower 544,Real Estate,165.45,1265.85,1126.54,41495.0,0,56,4,250,0.1468656239458874
LID1544,Borrower 545,Tech Services,483.32,268.35,2614.28,31490.0,0,43,4,10,0.184876906834769
LID1545,Borrower 546,Manufacturing,267.6,1026.49,591.54,0.0,1,74,5,850,0.452378537377016
LID1546,Borrower 547,Oil & Gas,412.7,247.53,385.8,36382.0,0,44,1,1500,1.0697252462415758
LID1547,Borrower 548,Real Estate,297.6,874.33,1530.93,2941.0,0,26,1,250,0.19439164429464445
LID1548,Borrower 549,Tech Services,69.54,873.5,1011.9,13245.0,0,90,4,10,0.06872220575155649
LID1054,Borrower 55,Tech Services,499.07,1714.95,2021.75,22094.0,0,76,4,10,0.24685050080375912
LID1549,Borrower 550,Real Estate,334.92,225.42,1755.71,7215.0,0,90,4,250,0.19076043310113858
LID1550,Borrower 551,Tech Services,478.13,762.76,2440.84,0.0,1,43,4,10,0.19588748135887643
LID1551,Borrower 552,Retail,320.73,310.9,540.87,19560.0,0,30,2,150,0.5929890731599091
LID1552,Borrower 553,Tech Services,418.63,1635.65,1804.99,47178.0,0,92,3,10,0.2319292627659987
LID1553,Borrower 554,Tech Services,447.89,1900.61,1590.7,0.0,1,31,3,10,0.28156786320487837
LID1554,Borrower 555,Retail,152.64,237.4,560.62,41831.0,0,54,1,150,0.27226998680032816
LID1555,Borrower 556,Manufacturing,145.42,1914.72,1928.4,213974.0,0,82,2,850,0.07540966604438912
LID1556,Borrower 557,Oil & Gas,324.94,1092.9,929.88,36413.0,0,87,4,1500,0.3494429388738332
LID1557,Borrower 558,Oil & Gas,234.96,669.17,1540.33,221568.0,0,76,1,1500,0.15253874169820755
LID1558,Borrower 559,Real Estate,427.94,246.04,384.48,0.0,1,32,2,250,1.1130357885975863
LID1055,Borrower 56,Retail,207.82,1371.14,2910.33,33086.0,0,77,1,150,0.07140770977861617
LID1559,Borrower 560,Tech Services,455.01,1051.19,1459.81,0.0,1,42,5,10,0.3116912474911119
LID1560,Borrower 561,Real Estate,209.04,1609.58,1023.42,17378.0,0,58,2,250,0.2042563170545817
LID1561,Borrower 562,Manufacturing,156.59,1443.46,2493.79,299309.0,0,31,1,850,0.06279197526656215
LID1562,Borrower 563,Oil & Gas,401.24,195.43,312.39,0.0,1,53,3,1500,1.2844201158807902
LID1563,Borrower 564,Oil & Gas,173.66,238.51,1343.03,85902.0,0,90,4,1500,0.12930463206331952
LID1564,Borrower 565,Manufacturing,420.18,865.46,1456.53,279410.0,0,94,5,850,0.2884801548886738
LID1565,Borrower 566,Tech Services,240.68,661.05,2216.27,0.0,1,50,2,10,0.10859687673433291
LID1566,Borrower 567,Manufacturing,350.4,541.53,1786.72,209917.0,0,81,1,850,0.19611354884928806
LID1567,Borrower 568,Manufacturing,92.99,633.91,2051.56,218422.0,0,32,1,850,0.045326483261518065
LID1568,Borrower 569,Retail,330.74,1626.62,2364.59,41901.0,0,50,4,150,0.13987202855463315
LID1056,Borrower 57,Oil & Gas,395.23,978.36,1870.37,0.0,1,33,3,1500,0.2113111309526992
LID1569,Borrower 570,Manufacturing,253.3,1865.53,2607.28,0.0,1,21,1,850,0.09715105397195545
LID1570,Borrower 571,Tech Services,313.97,869.7,1044.55,48792.0,0,34,1,10,0.30057919678330386
LID1571,Borrower 572,Real Estate,125.61,1821.61,1683.36,3731.0,0,76,4,250,0.07461861990305105
LID1572,Borrower 573,Manufacturing,381.59,710.84,2544.31,247086.0,0,94,5,850,0.14997779358647334
LID1573,Borrower 574,Tech Services,438.26,1005.23,2969.94,32492.0,0,53,3,10,0.14756527067886893
LID1574,Borrower 575,Retail,147.53,529.46,2685.13,32543.0,0,87,3,150,0.05494333607683799
LID1575,Borrower 576,Retail,93.07,1316.9,1208.68,6853.0,0,94,2,150,0.07700135685210312
LID1576,Borrower 577,Oil & Gas,60.64,1960.06,706.22,196106.0,0,48,5,1500,0.08586559429073093
LID1577,Borrower 578,Retail,338.89,1246.64,1544.77,49133.0,0,85,2,150,0.2193789366701839
LID1578,Borrower 579,Manufacturing,323.19,779.85,2263.68,0.0,1,35,3,850,0.1427719465648855
LID1057,Borrower 58,Oil & Gas,230.87,882.35,369.39,85196.0,0,39,1,1500,0.6250033839573351
LID1579,Borrower 580,Manufacturing,296.01,1330.85,1553.82,133422.0,0,58,4,850,0.190504691663127
LID1580,Borrower 581,Manufacturing,154.38,333.55,1527.07,0.0,1,56,1,850,0.10109556208949164
LID1581,Borrower 582,Retail,225.91,1788.45,2538.96,18434.0,0,40,3,150,0.08897737656363235
LID1582,Borrower 583,Manufacturing,317.51,1055.86,1180.0,248438.0,0,63,5,850,0.2690762711864407
LID1583,Borrower 584,Manufacturing,273.55,953.76,2600.41,211345.0,0,38,3,850,0.10519495002711111
LID1584,Borrower 585,Tech Services,494.5,1213.14,1309.39,23238.0,0,90,5,10,0.37765677147373966
LID1585,Borrower 586,Manufacturing,111.4,1287.09,1085.46,0.0,1,27,5,850,0.1026293000202679
LID1586,Borrower 587,Oil & Gas,362.82,236.37,1443.87,129788.0,0,85,5,1500,0.25128301024330446
LID1587,Borrower 588,Oil & Gas,231.94,1396.97,2322.97,142300.0,0,60,2,1500,0.09984631742984197
LID1588,Borrower 589,Oil & Gas,242.69,559.67,509.11,278781.0,0,94,4,1500,0.4766946239516018
LID1058,Borrower 59,Oil & Gas,265.94,1336.85,365.41,0.0,1,49,5,1500,0.7277852275526121
LID1589,Borrower 590,Oil & Gas,372.92,1456.51,709.79,193403.0,0,89,3,1500,0.5253948350920695
LID1590,Borrower 591,Oil & Gas,361.6,1662.82,2861.62,95561.0,0,80,4,1500,0.12636199076047835
LID1591,Borrower 592,Tech Services,496.07,1627.52,650.15,26503.0,0,45,1,10,0.7630085364915788
LID1592,Borrower 593,Oil & Gas,107.78,1149.75,1768.02,22618.0,0,90,3,1500,0.060960848859175805
LID1593,Borrower 594,Manufacturing,96.85,1088.32,1801.05,291853.0,0,89,4,850,0.05377418727964243
LID1594,Borrower 595,Retail,375.95,371.46,1545.43,18323.0,0,48,4,150,0.24326562833645002
LID1595,Borrower 596,Manufacturing,310.27,1573.16,1987.52,144927.0,0,85,1,850,0.15610912091450652
LID1596,Borrower 597,Real Estate,173.37,615.68,805.01,18087.0,0,38,5,250,0.21536378430081615
LID1597,Borrower 598,Oil & Gas,85.74,1043.72,1725.09,205706.0,0,87,3,1500,0.0497017546910596
LID1598,Borrower 599,Oil & Gas,88.55,640.12,1210.69,199683.0,0,77,3,1500,0.07314011018510105
LID1005,Borrower 6,Oil & Gas,346.45,1542.86,2523.57,29176.0,0,31,2,1500,0.13728567069667177
LID1059,Borrower 60,Manufacturing,332.38,1136.32,2861.56,0.0,1,38,4,850,0.11615342680216385
LID1599,Borrower 600,Oil & Gas,452.39,354.27,2035.75,215451.0,0,89,1,1500,0.22222276802161364
LID1600,Borrower 601,Oil & Gas,136.34,1296.16,552.49,82639.0,0,76,5,1500,0.2467736972614889
LID1601,Borrower 602,Manufacturing,195.52,203.23,1777.0,96754.0,0,56,3,850,0.11002813731007316
LID1602,Borrower 603,Oil & Gas,152.0,1522.43,678.02,0.0,1,80,3,1500,0.2241821775168874
LID1603,Borrower 604,Oil & Gas,209.75,703.41,944.13,197686.0,0,49,3,1500,0.22216220223909844
LID1604,Borrower 605,Oil & Gas,81.24,100.26,773.32,14820.0,0,90,5,1500,0.10505353540578284
LID1605,Borrower 606,Manufacturing,283.58,1071.15,671.09,0.0,1,92,1,850,0.42256627278010395
LID1606,Borrower 607,Manufacturing,80.43,189.02,2503.28,0.0,1,44,3,850,0.032129845642517016
LID1607,Borrower 608,Manufacturing,410.16,624.72,964.27,267577.0,0,84,4,850,0.4253580428718098
LID1608,Borrower 609,Tech Services,155.17,1443.26,2792.3,0.0,1,25,5,10,0.055570676503241045
LID1060,Borrower 61,Manufacturing,443.15,218.32,997.28,280062.0,0,72,5,850,0.4443586555430772
LID1609,Borrower 610,Real Estate,293.01,219.11,2914.29,23236.0,0,37,2,250,0.10054249920220705
LID1610,Borrower 611,Oil & Gas,446.04,1694.74,1778.09,25860.0,0,29,1,1500,0.25085344386392144
LID1611,Borrower 612,Real Estate,342.89,107.26,557.55,33703.0,0,30,4,250,0.6149941709263743
LID1612,Borrower 613,Tech Services,289.83,568.97,1217.46,41152.0,0,84,3,10,0.23806120940318365
LID1613,Borrower 614,Oil & Gas,195.95,1507.72,2423.54,75663.0,0,84,2,1500,0.0808528020994083
LID1614,Borrower 615,Retail,199.85,700.91,1197.06,21354.0,0,71,1,150,0.16695069587155198
LID1615,Borrower 616,Retail,351.27,293.6,398.0,42023.0,0,86,5,150,0.8825879396984924
LID1616,Borrower 617,Oil & Gas,497.36,784.44,1736.84,0.0,1,50,2,1500,0.2863591349807697
LID1617,Borrower 618,Manufacturing,347.83,613.75,2558.59,0.0,1,36,2,850,0.13594597024142202
LID1618,Borrower 619,Retail,301.0,1701.15,2418.39,27753.0,0,74,4,150,0.12446296916543652
LID1061,Borrower 62,Manufacturing,492.84,1073.76,412.39,277026.0,0,75,3,850,1.195082324983632
LID1619,Borrower 620,Real Estate,378.79,695.36,649.1,0.0,1,55,1,250,0.5835618548759821
LID1620,Borrower 621,Oil & Gas,259.34,1598.97,2067.38,0.0,1,45,4,1500,0.12544379843086417
LID1621,Borrower 622,Manufacturing,77.06,1794.56,778.44,273603.0,0,72,4,850,0.09899285750989158
LID1622,Borrower 623,Manufacturing,303.03,924.25,771.89,246691.0,0,36,3,850,0.3925818445633445
LID1623,Borrower 624,Manufacturing,480.93,1828.89,2641.1,228730.0,0,44,5,850,0.18209458180303661
LID1624,Borrower 625,Tech Services,128.89,816.9,861.56,0.0,1,21,2,10,0.1496007242676076
LID1625,Borrower 626,Manufacturing,360.5,1931.75,900.25,253587.0,0,24,1,850,0.40044432102193833
LID1626,Borrower 627,Manufacturing,140.42,269.65,151.86,133099.0,0,23,5,850,0.9246674568681679
LID1627,Borrower 628,Real Estate,291.12,1405.34,2631.41,17449.0,0,55,5,250,0.11063270261950818
LID1628,Borrower 629,Oil & Gas,93.5,1038.25,2408.9,165303.0,0,25,1,1500,0.038814396612561745
LID1062,Borrower 63,Retail,395.72,1632.17,1857.28,25367.0,0,42,4,150,0.21306426602343215
LID1629,Borrower 630,Manufacturing,252.67,836.53,1937.89,30132.0,0,40,5,850,0.13038407752762024
LID1630,Borrower 631,Real Estate,390.27,1302.15,2288.26,37954.0,0,45,3,250,0.17055317140534726
LID1631,Borrower 632,Retail,206.41,1437.33,583.34,29331.0,0,74,5,150,0.3538416703809099
LID1632,Borrower 633,Tech Services,349.21,108.29,1456.22,0.0,1,58,3,10,0.23980579857439122
LID1633,Borrower 634,Tech Services,407.95,417.21,1150.98,0.0,1,52,2,10,0.35443708839423793
LID1634,Borrower 635,Oil & Gas,467.23,1454.79,417.26,57722.0,0,33,2,1500,1.119757465369314
LID1635,Borrower 636,Manufacturing,155.59,1366.13,1535.47,0.0,1,75,4,850,0.10133053722964304
LID1636,Borrower 637,Tech Services,229.69,1935.49,2774.11,29596.0,0,40,3,10,0.08279772611756563
LID1637,Borrower 638,Manufacturing,118.59,1545.97,264.17,252583.0,0,65,2,850,0.4489154710981565
LID1638,Borrower 639,Manufacturing,496.62,1906.47,980.66,8197.0,0,35,5,850,0.5064140476821732
LID1063,Borrower 64,Manufacturing,238.0,972.56,1927.4,100382.0,0,81,3,850,0.12348241153886064
LID1639,Borrower 640,Manufacturing,467.15,1434.83,741.49,0.0,1,35,1,850,0.6300152395851596
LID1640,Borrower 641,Oil & Gas,292.98,666.3,828.72,0.0,1,48,1,1500,0.3535331595713872
LID1641,Borrower 642,Manufacturing,428.91,300.19,2739.04,246390.0,0,27,3,850,0.15659136047666336
LID1642,Borrower 643,Manufacturing,284.43,1585.47,1484.0,0.0,1,22,4,850,0.1916644204851752
LID1643,Borrower 644,Manufacturing,330.61,1323.88,1478.95,106835.0,0,38,5,850,0.22354373034923425
LID1644,Borrower 645,Oil & Gas,90.11,191.55,2317.64,180115.0,0,85,3,1500,0.03888006765502839
LID1645,Borrower 646,Retail,389.87,784.1,590.3,14074.0,0,93,1,150,0.6604607826528884
LID1646,Borrower 647,Tech Services,107.47,1917.92,1538.71,1817.0,0,41,3,10,0.06984422015844441
LID1647,Borrower 648,Real Estate,421.73,1050.76,1375.46,36894.0,0,65,5,250,0.3066101522399779
LID1648,Borrower 649,Real Estate,401.91,922.19,1851.2,0.0,1,32,2,250,0.2171078219533276
LID1064,Borrower 65,Manufacturing,239.61,198.72,1998.24,0.0,1,52,5,850,0.11991052125870767
LID1649,Borrower 650,Manufacturing,368.94,969.63,2998.74,175485.0,0,52,5,850,0.12303167330278718
LID1650,Borrower 651,Oil & Gas,66.27,496.88,2342.93,223280.0,0,24,2,1500,0.028285096012258155
LID1651,Borrower 652,Tech Services,186.41,800.54,1283.92,33924.0,0,46,2,10,0.14518817371798864
LID1652,Borrower 653,Tech Services,168.4,802.65,2508.53,10691.0,0,43,2,10,0.06713094920132508
LID1653,Borrower 654,Real Estate,212.06,199.47,636.52,0.0,1,86,3,250,0.3331552818450324
LID1654,Borrower 655,Manufacturing,89.44,1558.38,236.82,40455.0,0,82,1,850,0.3776708048306731
LID1655,Borrower 656,Oil & Gas,471.63,891.36,732.68,41568.0,0,67,3,1500,0.6437053010864224
LID1656,Borrower 657,Manufacturing,299.21,1662.14,1120.17,0.0,1,82,1,850,0.26711124204361836
LID1657,Borrower 658,Manufacturing,187.49,1715.66,1605.16,258004.0,0,31,5,850,0.11680455530912806
LID1658,Borrower 659,Tech Services,228.64,502.79,1903.12,48155.0,0,47,4,10,0.12013956030097944
LID1065,Borrower 66,Tech Services,381.91,1593.93,912.1,2317.0,0,37,3,10,0.4187150531739941
LID1659,Borrower 660,Tech Services,251.24,1348.97,2745.23,31603.0,0,63,5,10,0.09151874342040558
LID1660,Borrower 661,Manufacturing,320.27,997.34,1603.08,57678.0,0,62,3,850,0.1997841654814482
LID1661,Borrower 662,Retail,282.06,1772.3,1578.64,5730.0,0,36,3,150,0.1786727816348249
LID1662,Borrower 663,Tech Services,463.73,509.91,293.19,40736.0,0,59,1,10,1.5816705890378253
LID1663,Borrower 664,Manufacturing,273.63,1387.85,249.5,0.0,1,68,3,850,1.0967134268537073
LID1664,Borrower 665,Oil & Gas,496.47,1254.73,1720.81,0.0,1,76,2,1500,0.28850948100022666
LID1665,Borrower 666,Oil & Gas,433.14,661.07,1398.81,235094.0,0,83,3,1500,0.30964891586419885
LID1666,Borrower 667,Manufacturing,143.83,359.54,2541.66,211873.0,0,94,1,850,0.056589000889182665
LID1667,Borrower 668,Oil & Gas,468.77,1338.12,607.94,0.0,1,76,1,1500,0.7710793828338321
LID1668,Borrower 669,Oil & Gas,102.36,1503.34,221.17,19696.0,0,93,2,1500,0.46281141203599047
LID1066,Borrower 67,Oil & Gas,157.45,482.59,193.07,144006.0,0,92,4,1500,0.8155073289480499
LID1669,Borrower 670,Manufacturing,417.85,699.69,1429.76,225014.0,0,93,1,850,0.2922518464637422
LID1670,Borrower 671,Oil & Gas,221.28,1325.18,826.81,255703.0,0,89,4,1500,0.2676310155900388
LID1671,Borrower 672,Retail,445.09,850.75,291.4,0.0,1,62,5,150,1.5274193548387096
LID1672,Borrower 673,Oil & Gas,440.63,1455.09,2215.11,193213.0,0,42,3,1500,0.19892014392061794
LID1673,Borrower 674,Tech Services,412.67,478.51,468.04,16051.0,0,46,4,10,0.8816981454576532
LID1674,Borrower 675,Manufacturing,405.51,1791.41,1883.71,287517.0,0,77,3,850,0.21527198984981763
LID1675,Borrower 676,Retail,187.11,646.08,950.99,0.0,1,56,4,150,0.1967528575484495
LID1676,Borrower 677,Oil & Gas,86.41,798.79,644.46,175198.0,0,25,3,1500,0.1340812463147441
LID1677,Borrower 678,Manufacturing,231.34,210.37,1232.29,0.0,1,84,2,850,0.18773178391450066
LID1678,Borrower 679,Retail,128.09,311.87,2434.12,35755.0,0,25,1,150,0.05262271375281416
LID1067,Borrower 68,Retail,99.71,591.38,2900.29,0.0,1,52,4,150,0.03437932068862079
LID1679,Borrower 680,Retail,362.73,1080.14,1267.47,9207.0,0,69,1,150,0.2861842883855239
LID1680,Borrower 681,Retail,205.74,608.43,2289.69,12151.0,0,41,2,150,0.08985495853150427
LID1681,Borrower 682,Manufacturing,489.02,1687.41,507.64,149828.0,0,44,4,850,0.9633204633204633
LID1682,Borrower 683,Oil & Gas,338.44,127.92,2352.4,0.0,1,91,5,1500,0.14387009012072777
LID1683,Borrower 684,Real Estate,420.12,820.28,825.26,10980.0,0,70,4,250,0.5090759275864576
LID1684,Borrower 685,Retail,109.64,740.96,2080.57,7640.0,0,67,1,150,0.05269709743003119
LID1685,Borrower 686,Tech Services,437.91,136.72,1762.48,38069.0,0,89,5,10,0.24846239389950525
LID1686,Borrower 687,Tech Services,465.24,336.3,2798.06,25281.0,0,84,3,10,0.16627234583961745
LID1687,Borrower 688,Manufacturing,269.18,885.92,1253.87,273800.0,0,79,5,850,0.21467935272396663
LID1688,Borrower 689,Real Estate,322.81,1036.44,338.57,7757.0,0,65,4,250,0.9534512803851494
LID1068,Borrower 69,Oil & Gas,209.58,412.94,865.05,276399.0,0,51,3,1500,0.24227501300502863
LID1689,Borrower 690,Oil & Gas,394.16,868.15,204.59,0.0,1,55,2,1500,1.9265848770712157
LID1690,Borrower 691,Manufacturing,128.68,1108.78,2506.55,72165.0,0,77,3,850,0.051337495761105904
LID1691,Borrower 692,Manufacturing,276.15,1230.75,1645.5,49558.0,0,57,4,850,0.16782133090246124
LID1692,Borrower 693,Tech Services,229.4,118.86,2359.45,34330.0,0,30,3,10,0.0972260484434932
LID1693,Borrower 694,Manufacturing,115.87,981.78,818.11,179324.0,0,31,5,850,0.1416313209715075
LID1694,Borrower 695,Oil & Gas,215.39,1930.65,1133.49,227184.0,0,61,1,1500,0.19002373201351577
LID1695,Borrower 696,Tech Services,80.68,1086.16,235.8,0.0,1,58,4,10,0.3421543681085666
LID1696,Borrower 697,Manufacturing,61.62,1387.33,2890.25,136048.0,0,90,2,850,0.02131995502119194
LID1697,Borrower 698,Tech Services,110.82,692.54,2053.42,20571.0,0,30,5,10,0.053968501329489334
LID1698,Borrower 699,Oil & Gas,483.4,1570.58,2809.63,295275.0,0,55,4,1500,0.1720511241693746
LID1006,Borrower 7,Oil & Gas,361.52,954.51,2732.35,233709.0,0,67,1,1500,0.13231101432832543
LID1069,Borrower 70,Retail,179.26,727.41,2076.67,0.0,1,80,4,150,0.08632088873051567
LID1699,Borrower 700,Manufacturing,297.29,1568.55,906.66,0.0,1,71,2,850,0.3278957933514217
LID1700,Borrower 701,Tech Services,484.62,1090.46,1892.67,15093.0,0,50,4,10,0.2560509756058901
LID1701,Borrower 702,Oil & Gas,244.62,1954.43,2083.72,108301.0,0,52,5,1500,0.11739581133741579
LID1702,Borrower 703,Manufacturing,190.32,338.55,1055.02,170684.0,0,32,4,850,0.18039468446095808
LID1703,Borrower 704,Oil & Gas,277.76,132.2,2567.11,77940.0,0,37,3,1500,0.10819949281487742
LID1704,Borrower 705,Oil & Gas,247.78,1563.3,2849.41,274841.0,0,60,5,1500,0.08695835278180396
LID1705,Borrower 706,Retail,97.55,1633.6,2671.84,13651.0,0,77,4,150,0.0365104197856159
LID1706,Borrower 707,Manufacturing,338.37,328.39,2256.34,269057.0,0,75,1,850,0.14996410115496778
LID1707,Borrower 708,Retail,147.22,604.61,940.77,5622.0,0,43,4,150,0.15648883361501748
LID1708,Borrower 709,Manufacturing,328.81,133.35,952.61,0.0,1,92,3,850,0.3451674872193238
LID1070,Borrower 71,Real Estate,183.34,1537.83,2163.9,27864.0,0,73,4,250,0.08472665095429548
LID1709,Borrower 710,Real Estate,342.59,657.29,2895.58,45396.0,0,50,2,250,0.1183148108496398
LID1710,Borrower 711,Real Estate,118.41,1568.97,179.31,8853.0,0,74,2,250,0.6603647314706375
LID1711,Borrower 712,Tech Services,77.61,1084.13,2190.74,48432.0,0,29,2,10,0.035426385604864115
LID1712,Borrower 713,Manufacturing,401.34,761.38,2162.8,137506.0,0,79,1,850,0.18556500832254483
LID1713,Borrower 714,Manufacturing,256.91,806.3,1924.67,283877.0,0,21,3,850,0.13348262299511085
LID1714,Borrower 715,Manufacturing,76.17,102.57,2971.81,204016.0,0,34,5,850,0.025630844502172078
LID1715,Borrower 716,Retail,497.69,669.62,1038.86,15429.0,0,22,2,150,0.47907321487014615
LID1716,Borrower 717,Retail,76.0,1328.27,1118.92,9821.0,0,62,3,150,0.06792263968827082
LID1717,Borrower 718,Retail,362.77,1950.97,374.98,0.0,1,50,4,150,0.9674382633740465
LID1718,Borrower 719,Oil & Gas,492.66,1709.42,1411.97,30626.0,0,89,1,1500,0.3489167616875713
LID1071,Borrower 72,Oil & Gas,155.12,1086.83,1888.52,222977.0,0,36,3,1500,0.08213839408637452
LID1719,Borrower 720,Real Estate,157.63,144.83,893.99,0.0,1,86,3,250,0.17632188279510955
LID1720,Borrower 721,Retail,114.01,1807.27,1128.65,5681.0,0,75,3,150,0.10101448633322996
LID1721,Borrower 722,Oil & Gas,104.62,1588.08,2528.53,128614.0,0,82,5,1500,0.04137581915183921
LID1722,Borrower 723,Oil & Gas,186.47,1582.71,2816.13,239287.0,0,94,3,1500,0.06621498297308717
LID1723,Borrower 724,Real Estate,95.47,970.19,679.34,7498.0,0,34,5,250,0.14053345894544705
LID1724,Borrower 725,Tech Services,361.47,856.21,1211.65,6951.0,0,29,1,10,0.29832872529195725
LID1725,Borrower 726,Retail,78.03,675.54,2796.6,32350.0,0,57,1,150,0.027901737824501182
LID1726,Borrower 727,Oil & Gas,279.24,224.82,326.15,0.0,1,66,4,1500,0.8561704737084165
LID1727,Borrower 728,Real Estate,498.51,533.65,413.23,0.0,1,76,5,250,1.2063741741887084
LID1728,Borrower 729,Manufacturing,416.29,568.55,613.95,52554.0,0,69,5,850,0.6780519586285528
LID1072,Borrower 73,Oil & Gas,68.94,489.27,1041.79,147050.0,0,38,5,1500,0.06617456493151211
LID1729,Borrower 730,Oil & Gas,326.85,1019.75,1846.36,277348.0,0,90,2,1500,0.17702398232197405
LID1730,Borrower 731,Oil & Gas,187.81,1520.14,578.85,246977.0,0,34,2,1500,0.32445365811522847
LID1731,Borrower 732,Retail,330.75,1000.24,2909.02,18026.0,0,37,4,150,0.11369808389079483
LID1732,Borrower 733,Real Estate,287.17,209.9,1423.14,32963.0,0,21,1,250,0.20178619109855672
LID1733,Borrower 734,Tech Services,241.74,1919.8,1579.33,0.0,1,62,2,10,0.1530649072708047
LID1734,Borrower 735,Manufacturing,108.82,1891.18,852.98,204106.0,0,45,3,850,0.12757626204600342
LID1735,Borrower 736,Retail,448.97,1591.86,1492.24,34292.0,0,90,1,150,0.30086983327078753
LID1736,Borrower 737,Manufacturing,252.4,1983.52,2036.45,189734.0,0,57,3,850,0.1239411721377888
LID1737,Borrower 738,Retail,137.58,1134.52,2290.85,13672.0,0,61,5,150,0.06005631097627519
LID1738,Borrower 739,Manufacturing,215.49,1929.26,2298.52,14585.0,0,24,1,850,0.0937516314846075
LID1073,Borrower 74,Retail,58.04,1767.88,922.62,4727.0,0,89,4,150,0.06290780603065184
LID1739,Borrower 740,Manufacturing,236.36,243.65,1796.99,138303.0,0,30,4,850,0.1315310602730121
LID1740,Borrower 741,Manufacturing,422.39,794.79,2727.43,267619.0,0,84,5,850,0.15486740264644738
LID1741,Borrower 742,Manufacturing,380.13,528.22,2479.61,172141.0,0,53,5,850,0.15330233383475625
LID1742,Borrower 743,Real Estate,396.19,472.08,2307.59,41703.0,0,20,3,250,0.17168994492089149
LID1743,Borrower 744,Tech Services,54.96,367.53,308.48,0.0,1,21,5,10,0.17816390041493776
LID1744,Borrower 745,Manufacturing,237.27,1282.59,169.6,51594.0,0,39,2,850,1.398997641509434
LID1745,Borrower 746,Retail,266.6,1584.51,755.47,34743.0,0,80,1,150,0.3528929011079196
LID1746,Borrower 747,Manufacturing,58.64,1198.77,2041.04,203265.0,0,40,2,850,0.028730451142554778
LID1747,Borrower 748,Tech Services,166.92,379.23,1321.91,49008.0,0,87,3,10,0.12627183393725744
LID1748,Borrower 749,Retail,392.13,1641.14,1296.86,49287.0,0,31,3,150,0.3023687984824885
LID1074,Borrower 75,Real Estate,494.48,1771.21,1853.35,48637.0,0,53,4,250,0.26680335608492733
LID1749,Borrower 750,Tech Services,111.7,1308.31,2671.07,0.0,1,41,1,10,0.04181844728891418
LID1750,Borrower 751,Oil & Gas,290.89,837.51,2702.35,75354.0,0,39,5,1500,0.10764334745684312
LID1751,Borrower 752,Retail,146.84,1380.85,2741.15,40029.0,0,20,4,150,0.053568757638217536
LID1752,Borrower 753,Tech Services,55.45,593.82,1044.55,5798.0,0,49,3,10,0.053085060552390984
LID1753,Borrower 754,Manufacturing,158.54,755.87,2119.51,234868.0,0,43,1,850,0.07480030761827025
LID1754,Borrower 755,Oil & Gas,489.14,1843.22,924.15,0.0,1,33,4,1500,0.5292863712600768
LID1755,Borrower 756,Real Estate,410.69,651.96,693.24,0.0,1,55,5,250,0.5924210951474237
LID1756,Borrower 757,Tech Services,481.81,992.98,676.2,31716.0,0,88,3,10,0.7125258799171842
LID1757,Borrower 758,Tech Services,269.53,1791.27,1125.01,21792.0,0,94,1,10,0.2395800926213989
LID1758,Borrower 759,Retail,99.38,1444.67,1375.38,22169.0,0,43,1,150,0.07225639459640244
LID1075,Borrower 76,Real Estate,242.5,1754.1,2618.37,26142.0,0,44,4,250,0.09261487108391862
LID1759,Borrower 760,Real Estate,296.58,218.19,2518.21,0.0,1,79,1,250,0.11777413321367161
LID1760,Borrower 761,Oil & Gas,254.47,379.88,491.69,229352.0,0,74,3,1500,0.5175415404014725
LID1761,Borrower 762,Manufacturing,429.96,114.9,2244.54,0.0,1,43,4,850,0.19155818118634552
LID1762,Borrower 763,Manufacturing,94.14,1298.75,1664.65,282403.0,0,43,1,850,0.056552428438410476
LID1763,Borrower 764,Real Estate,269.71,950.58,970.64,9152.0,0,73,5,250,0.2778682106651281
LID1764,Borrower 765,Oil & Gas,117.52,355.12,1554.54,262799.0,0,45,1,1500,0.07559792607459441
LID1765,Borrower 766,Tech Services,196.1,1920.07,1004.83,0.0,1,85,4,10,0.19515738980723105
LID1766,Borrower 767,Real Estate,381.81,1106.35,1848.83,0.0,1,57,3,250,0.20651439018189882
LID1767,Borrower 768,Retail,264.21,559.6,1386.46,3831.0,0,84,1,150,0.19056445912611975
LID1768,Borrower 769,Manufacturing,219.15,1051.15,618.56,82595.0,0,94,1,850,0.35429061045007765
LID1076,Borrower 77,Real Estate,222.95,553.71,2848.19,30902.0,0,87,4,250,0.07827778343439167
LID1769,Borrower 770,Retail,227.51,1391.28,482.26,45654.0,0,70,5,150,0.4717579728777008
LID1770,Borrower 771,Oil & Gas,256.75,244.85,1708.08,191054.0,0,54,5,1500,0.15031497353753923
LID1771,Borrower 772,Retail,403.26,621.94,2721.88,36192.0,0,62,1,150,0.14815495172454332
LID1772,Borrower 773,Oil & Gas,451.44,1633.23,1130.28,79374.0,0,48,1,1500,0.39940545705488906
LID1773,Borrower 774,Manufacturing,479.9,973.36,2239.05,0.0,1,56,5,850,0.21433197114847813
LID1774,Borrower 775,Real Estate,404.11,1138.5,2027.18,1892.0,0,77,4,250,0.19934588936354936
LID1775,Borrower 776,Oil & Gas,191.93,922.35,2804.93,0.0,1,73,2,1500,0.06842595002370826
LID1776,Borrower 777,Manufacturing,359.66,183.41,2489.8,189146.0,0,58,2,850,0.14445336974857417
LID1777,Borrower 778,Real Estate,246.92,414.92,1764.82,7732.0,0,61,1,250,0.1399122856721932
LID1778,Borrower 779,Real Estate,164.6,946.53,2022.54,41239.0,0,47,5,250,0.08138281566742808
LID1077,Borrower 78,Oil & Gas,355.84,957.35,451.83,73273.0,0,93,3,1500,0.7875528406701635
LID1779,Borrower 780,Tech Services,428.39,497.45,2710.4,12134.0,0,48,3,10,0.15805416174734355
LID1780,Borrower 781,Real Estate,67.29,194.96,1288.63,32788.0,0,62,3,250,0.05221824728587725
LID1781,Borrower 782,Tech Services,455.79,1702.93,1081.36,20557.0,0,22,2,10,0.4214970037730266
LID1782,Borrower 783,Manufacturing,257.66,1964.27,180.81,180025.0,0,29,4,850,1.4250318013384218
LID1783,Borrower 784,Manufacturing,336.74,1606.97,2505.67,34913.0,0,78,2,850,0.13439120075668384
LID1784,Borrower 785,Oil & Gas,346.71,1722.19,2432.79,8023.0,0,33,1,1500,0.14251538357194826
LID1785,Borrower 786,Retail,452.8,559.76,447.7,45523.0,0,66,4,150,1.0113915568461023
LID1786,Borrower 787,Tech Services,336.5,1925.19,1794.04,0.0,1,61,3,10,0.18756549463780073
LID1787,Borrower 788,Manufacturing,326.27,474.16,1472.35,0.0,1,51,5,850,0.22159812544571603
LID1788,Borrower 789,Manufacturing,79.99,1907.72,488.32,299807.0,0,51,5,850,0.16380652031454782
LID1078,Borrower 79,Manufacturing,148.21,1971.48,591.26,146599.0,0,93,5,850,0.25066806481074316
LID1789,Borrower 790,Retail,283.28,1990.16,2944.62,10966.0,0,61,1,150,0.09620256603568542
LID1790,Borrower 791,Oil & Gas,117.58,1452.27,761.88,81756.0,0,51,2,1500,0.15432876568488477
LID1791,Borrower 792,Tech Services,381.85,1964.17,341.62,0.0,1,45,1,10,1.1177624260874657
LID1792,Borrower 793,Tech Services,280.5,1182.13,1845.32,48290.0,0,20,5,10,0.15200615611384477
LID1793,Borrower 794,Tech Services,356.1,593.13,2255.77,45833.0,0,75,3,10,0.15786183875129114
LID1794,Borrower 795,Oil & Gas,68.75,930.29,242.46,152354.0,0,21,5,1500,0.2835519260909016
LID1795,Borrower 796,Retail,88.16,1227.77,2027.35,39858.0,0,49,4,150,0.043485338002811555
LID1796,Borrower 797,Retail,372.35,238.85,1667.03,7219.0,0,90,5,150,0.2233613072350228
LID1797,Borrower 798,Tech Services,82.44,1282.45,444.31,48883.0,0,71,5,10,0.18554612770363035
LID1798,Borrower 799,Real Estate,82.07,1964.24,641.69,48235.0,0,28,4,250,0.1278966479141018
LID1007,Borrower 8,Retail,432.14,1575.75,184.65,42454.0,0,44,4,150,2.3403195234226915
LID1079,Borrower 80,Oil & Gas,477.48,1566.82,2842.5,130457.0,0,30,5,1500,0.16797889182058048
LID1799,Borrower 800,Retail,55.45,461.2,1768.73,8605.0,0,41,2,150,0.031350177811197866
LID1800,Borrower 801,Real Estate,480.43,1605.93,994.62,15321.0,0,53,5,250,0.4830286943757415
LID1801,Borrower 802,Oil & Gas,381.88,1825.01,2824.2,32746.0,0,68,1,1500,0.13521705261667022
LID1802,Borrower 803,Tech Services,208.96,1893.03,2483.41,0.0,1,20,5,10,0.0841423687590853
LID1803,Borrower 804,Tech Services,183.44,1924.26,2953.17,40890.0,0,92,1,10,0.06211630214312078
LID1804,Borrower 805,Manufacturing,207.37,1090.77,890.06,0.0,1,72,4,850,0.2329842931937173
LID1805,Borrower 806,Real Estate,398.59,1956.89,2913.71,4876.0,0,59,5,250,0.13679810276245746
LID1806,Borrower 807,Retail,347.62,1538.89,1379.02,17440.0,0,64,4,150,0.2520775623268698
LID1807,Borrower 808,Retail,133.34,407.18,1140.43,0.0,1,87,4,150,0.11692081057145112
LID1808,Borrower 809,Manufacturing,128.35,1006.11,293.5,190016.0,0,28,2,850,0.43730834752981257
LID1080,Borrower 81,Retail,403.86,151.62,2249.13,4207.0,0,35,1,150,0.17956276426885062
LID1809,Borrower 810,Oil & Gas,94.28,1464.83,300.38,0.0,1,41,5,1500,0.31386909914108796
LID1810,Borrower 811,Retail,347.14,569.95,2122.23,8744.0,0,37,1,150,0.16357322250651438
LID1811,Borrower 812,Retail,393.97,1317.17,1455.1,0.0,1,62,1,150,0.2707511511236341
LID1812,Borrower 813,Oil & Gas,169.27,1366.54,795.59,246792.0,0,58,5,1500,0.21276034138186756
LID1813,Borrower 814,Retail,59.43,409.13,1899.82,14433.0,0,92,2,150,0.03128191091787643
LID1814,Borrower 815,Retail,86.98,1173.66,870.65,3968.0,0,25,2,150,0.09990237179119049
LID1815,Borrower 816,Tech Services,485.54,1566.09,1796.25,0.0,1,67,2,10,0.27030758524704246
LID1816,Borrower 817,Tech Services,182.95,1047.9,1173.74,0.0,1,26,1,10,0.15586927258166203
LID1817,Borrower 818,Manufacturing,396.15,123.0,2497.12,0.0,1,88,4,850,0.15864275645543666
LID1818,Borrower 819,Oil & Gas,331.1,117.17,2488.98,0.0,1,35,2,1500,0.13302638028429317
LID1081,Borrower 82,Tech Services,90.23,223.89,2666.53,5755.0,0,80,4,10,0.03383798419669008
LID1819,Borrower 820,Manufacturing,221.87,778.36,1510.45,150533.0,0,20,1,850,0.14688999966897281
LID1820,Borrower 821,Retail,142.56,1859.77,1149.83,42226.0,0,56,1,150,0.1239835453936669
LID1821,Borrower 822,Oil & Gas,104.62,534.49,1183.3,135428.0,0,56,4,1500,0.08841375813403195
LID1822,Borrower 823,Manufacturing,326.76,1305.29,2446.29,213449.0,0,83,5,850,0.13357369731307409
LID1823,Borrower 824,Manufacturing,398.59,521.94,1085.31,220366.0,0,81,5,850,0.3672591241212188
LID1824,Borrower 825,Tech Services,339.76,711.17,745.82,9111.0,0,91,2,10,0.45555227802955134
LID1825,Borrower 826,Retail,288.64,1711.28,391.36,18380.0,0,80,2,150,0.7375306623058053
LID1826,Borrower 827,Manufacturing,68.88,1484.84,1480.08,192279.0,0,52,4,850,0.046538024971623154
LID1827,Borrower 828,Manufacturing,485.82,281.26,1524.08,23997.0,0,85,2,850,0.3187627946039578
LID1828,Borrower 829,Real Estate,409.42,914.53,2546.59,18396.0,0,49,4,250,0.1607718556972265
LID1082,Borrower 83,Manufacturing,237.91,981.47,727.5,251729.0,0,26,4,850,0.3270240549828179
LID1829,Borrower 830,Manufacturing,181.77,155.42,780.53,161835.0,0,39,1,850,0.23288022241297582
LID1830,Borrower 831,Manufacturing,490.99,1013.69,1235.83,298879.0,0,79,2,850,0.397295744560336
LID1831,Borrower 832,Manufacturing,320.85,1358.62,2453.96,143936.0,0,93,1,850,0.1307478524507327
LID1832,Borrower 833,Oil & Gas,312.09,325.15,2497.33,245369.0,0,43,3,1500,0.12496946739117376
LID1833,Borrower 834,Oil & Gas,386.63,648.88,1246.14,131324.0,0,23,4,1500,0.3102620893318567
LID1834,Borrower 835,Manufacturing,415.3,855.89,1458.5,239528.0,0,56,3,850,0.28474460061707235
LID1835,Borrower 836,Manufacturing,345.42,1847.11,1014.36,179838.0,0,23,2,850,0.34052998935289247
LID1836,Borrower 837,Retail,107.64,1987.18,2807.78,44386.0,0,37,1,150,0.03833633689249157
LID1837,Borrower 838,Manufacturing,202.22,185.33,488.13,125050.0,0,85,2,850,0.41427488578862187
LID1838,Borrower 839,Tech Services,467.64,1545.92,2811.19,30413.0,0,67,3,10,0.16634948189201013
LID1083,Borrower 84,Oil & Gas,445.6,1827.52,1824.62,74227.0,0,35,1,1500,0.2442152338569127
LID1839,Borrower 840,Tech Services,151.08,806.28,2099.02,31686.0,0,52,2,10,0.07197644615106098
LID1840,Borrower 841,Oil & Gas,217.48,845.67,1664.98,0.0,1,77,5,1500,0.13062018762988142
LID1841,Borrower 842,Real Estate,244.43,1533.1,243.08,0.0,1,92,3,250,1.0055537271680106
LID1842,Borrower 843,Oil & Gas,247.73,1845.01,1505.45,30787.0,0,47,2,1500,0.16455544853698229
LID1843,Borrower 844,Retail,325.82,1906.76,1312.08,1325.0,0,54,1,150,0.2483232729711603
LID1844,Borrower 845,Oil & Gas,474.38,1196.53,609.47,262440.0,0,29,2,1500,0.7783484010697819
LID1845,Borrower 846,Manufacturing,158.31,778.53,2020.77,73233.0,0,84,1,850,0.07834142430855565
LID1846,Borrower 847,Oil & Gas,104.68,1596.34,2917.78,0.0,1,61,5,1500,0.035876591106937465
LID1847,Borrower 848,Retail,138.86,576.9,1752.24,36934.0,0,28,2,150,0.079247135095649
LID1848,Borrower 849,Tech Services,449.12,1171.74,2187.05,16341.0,0,79,5,10,0.2053542443016849
LID1084,Borrower 85,Manufacturing,475.13,1123.53,2148.25,60903.0,0,35,5,850,0.22117072035377633
LID1849,Borrower 850,Tech Services,340.61,781.3,345.08,25549.0,0,34,3,10,0.9870464819751943
LID1850,Borrower 851,Oil & Gas,178.66,1347.6,1340.35,0.0,1,76,1,1500,0.13329354273137614
LID1851,Borrower 852,Real Estate,417.18,556.76,481.62,48007.0,0,88,3,250,0.8662015697022549
LID1852,Borrower 853,Manufacturing,437.62,464.03,1896.47,255920.0,0,41,1,850,0.2307550343532985
LID1853,Borrower 854,Retail,430.93,1844.65,2824.67,43258.0,0,83,5,150,0.15255941402004483
LID1854,Borrower 855,Manufacturing,463.52,293.43,2036.07,123812.0,0,60,4,850,0.22765425550202104
LID1855,Borrower 856,Oil & Gas,163.51,1061.32,368.89,229421.0,0,90,2,1500,0.4432486649136599
LID1856,Borrower 857,Oil & Gas,389.77,519.62,1160.8,45731.0,0,75,5,1500,0.33577705031013094
LID1857,Borrower 858,Manufacturing,257.24,173.97,1719.39,0.0,1,42,1,850,0.1496111993206893
LID1858,Borrower 859,Tech Services,428.9,168.44,1299.14,0.0,1,44,1,10,0.3301414782086611
LID1085,Borrower 86,Manufacturing,260.33,1045.84,2088.32,152959.0,0,59,2,850,0.12466001379098987
LID1859,Borrower 860,Oil & Gas,377.82,432.92,2525.89,0.0,1,25,1,1500,0.14957896028726508
LID1860,Borrower 861,Real Estate,399.4,1746.86,2471.81,23042.0,0,53,1,250,0.1615819986163985
LID1861,Borrower 862,Manufacturing,345.27,636.71,1893.72,0.0,1,82,2,850,0.18232368037513463
LID1862,Borrower 863,Tech Services,129.84,1905.87,1214.36,869.0,0,28,3,10,0.10692051780361674
LID1863,Borrower 864,Manufacturing,295.26,1205.08,877.71,128538.0,0,79,4,850,0.3363981269439792
LID1864,Borrower 865,Manufacturing,493.1,929.57,451.74,216266.0,0,68,2,850,1.0915570903617124
LID1865,Borrower 866,Tech Services,471.82,1202.17,1161.46,22413.0,0,70,1,10,0.40623008971466945
LID1866,Borrower 867,Oil & Gas,69.43,1081.73,1327.54,220469.0,0,79,2,1500,0.0522997423806439
LID1867,Borrower 868,Oil & Gas,124.17,1541.67,2076.1,72207.0,0,89,5,1500,0.059809257742883294
LID1868,Borrower 869,Retail,109.28,636.74,2025.76,40751.0,0,56,1,150,0.05394518600426507
LID1086,Borrower 87,Real Estate,326.04,300.4,1313.23,38553.0,0,31,2,250,0.2482733413035036
LID1869,Borrower 870,Retail,376.69,770.8,349.81,0.0,1,50,4,150,1.0768417140733542
LID1870,Borrower 871,Manufacturing,418.0,1798.78,1276.49,65597.0,0,60,1,850,0.3274604579746022
LID1871,Borrower 872,Manufacturing,146.08,1898.27,668.07,73306.0,0,81,4,850,0.2186597212866915
LID1872,Borrower 873,Tech Services,277.63,1795.86,596.92,31588.0,0,77,4,10,0.4651042015680493
LID1873,Borrower 874,Manufacturing,428.32,896.95,2507.81,249492.0,0,33,3,850,0.17079443817514087
LID1874,Borrower 875,Oil & Gas,379.76,1582.69,269.46,126441.0,0,55,3,1500,1.4093371929043272
LID1875,Borrower 876,Oil & Gas,294.01,1005.04,1344.67,79715.0,0,55,2,1500,0.2186484416250827
LID1876,Borrower 877,Real Estate,315.66,1045.33,629.38,43417.0,0,27,2,250,0.5015411992754775
LID1877,Borrower 878,Real Estate,278.76,488.89,2656.09,33629.0,0,45,4,250,0.1049512629466622
LID1878,Borrower 879,Oil & Gas,183.9,1223.15,1737.57,136081.0,0,55,1,1500,0.10583746266337472
LID1087,Borrower 88,Tech Services,125.17,1347.88,193.88,3566.0,0,54,5,10,0.6456055291933155
LID1879,Borrower 880,Manufacturing,304.26,453.66,809.43,0.0,1,67,5,850,0.3758941477335903
LID1880,Borrower 881,Manufacturing,360.0,729.97,1581.92,63664.0,0,47,5,850,0.2275715586123192
LID1881,Borrower 882,Real Estate,443.0,1724.56,2234.74,31527.0,0,87,1,250,0.19823335153082688
LID1882,Borrower 883,Oil & Gas,336.33,493.44,2880.64,0.0,1,81,1,1500,0.11675530437680516
LID1883,Borrower 884,Oil & Gas,392.5,235.2,778.27,298707.0,0,70,3,1500,0.5043236922918781
LID1884,Borrower 885,Real Estate,122.03,231.11,2675.62,24269.0,0,61,5,250,0.04560812073463347
LID1885,Borrower 886,Oil & Gas,257.7,1887.49,2812.77,0.0,1,48,4,1500,0.09161787135101697
LID1886,Borrower 887,Real Estate,54.2,1063.15,2761.8,28510.0,0,29,2,250,0.0196248823231226
LID1887,Borrower 888,Manufacturing,161.01,877.88,1960.93,275277.0,0,58,3,850,0.0821089993013519
LID1888,Borrower 889,Oil & Gas,376.91,1640.67,1944.99,240843.0,0,20,5,1500,0.19378505802086388
LID1088,Borrower 89,Retail,496.03,1662.0,1811.34,0.0,1,40,4,150,0.27384698620910486
LID1889,Borrower 890,Manufacturing,496.31,1688.07,1299.15,136986.0,0,58,1,850,0.38202670977177383
LID1890,Borrower 891,Real Estate,94.63,731.16,2294.33,36076.0,0,40,5,250,0.0412451565380743
LID1891,Borrower 892,Retail,230.67,1417.87,1664.19,29519.0,0,84,4,150,0.1386079714455681
LID1892,Borrower 893,Retail,410.03,1565.13,2080.7,24872.0,0,34,3,150,0.19706348824914693
LID1893,Borrower 894,Manufacturing,141.82,1343.84,1371.11,60118.0,0,23,1,850,0.10343444362596728
LID1894,Borrower 895,Real Estate,299.79,388.03,2234.76,23465.0,0,79,4,250,0.1341486334102991
LID1895,Borrower 896,Manufacturing,379.88,1764.18,2499.74,76008.0,0,80,2,850,0.15196780465168377
LID1896,Borrower 897,Manufacturing,327.19,1124.28,567.34,274708.0,0,39,3,850,0.5767088518348785
LID1897,Borrower 898,Retail,134.61,636.7,2523.85,17103.0,0,29,4,150,0.05333518236028291
LID1898,Borrower 899,Oil & Gas,209.92,907.93,1689.85,285822.0,0,53,4,1500,0.12422404355416161
LID1008,Borrower 9,Tech Services,162.35,224.2,2070.96,9500.0,0,76,5,10,0.07839359524085449
LID1089,Borrower 90,Manufacturing,154.25,822.8,871.34,38406.0,0,69,2,850,0.17702618954713428
LID1899,Borrower 900,Oil & Gas,402.71,171.39,2557.3,0.0,1,67,1,1500,0.15747468032690726
LID1900,Borrower 901,Manufacturing,299.4,342.95,1379.21,190569.0,0,52,2,850,0.21708079262766364
LID1901,Borrower 902,Oil & Gas,52.35,1554.54,1230.27,164253.0,0,80,4,1500,0.042551635006949695
LID1902,Borrower 903,Oil & Gas,392.45,100.02,2757.92,41426.0,0,29,3,1500,0.14229926901432963
LID1903,Borrower 904,Tech Services,65.89,891.48,865.83,19103.0,0,73,4,10,0.07610038922190268
LID1904,Borrower 905,Manufacturing,385.58,1092.77,2556.01,0.0,1,84,5,850,0.15085230495968324
LID1905,Borrower 906,Retail,141.12,203.81,1529.46,31336.0,0,20,3,150,0.09226785924443921
LID1906,Borrower 907,Retail,481.13,1948.85,1615.17,0.0,1,24,3,150,0.29788195669805656
LID1907,Borrower 908,Manufacturing,215.57,529.64,1029.13,234062.0,0,34,4,850,0.2094681915792951
LID1908,Borrower 909,Manufacturing,197.12,677.98,1783.17,68480.0,0,47,1,850,0.1105447040943937
LID1090,Borrower 91,Oil & Gas,474.23,1573.66,1433.22,13829.0,0,62,3,1500,0.33088430247973094
LID1909,Borrower 910,Manufacturing,117.0,677.49,1076.85,51876.0,0,42,3,850,0.10865022983702466
LID1910,Borrower 911,Tech Services,187.52,537.79,261.92,0.0,1,36,5,10,0.7159437996334759
LID1911,Borrower 912,Manufacturing,444.49,102.8,925.2,278196.0,0,32,1,850,0.4804258538694336
LID1912,Borrower 913,Tech Services,498.35,1485.76,168.18,35666.0,0,33,1,10,2.9631941966940185
LID1913,Borrower 914,Manufacturing,215.74,1937.01,2938.31,127420.0,0,30,1,850,0.07342315820999146
LID1914,Borrower 915,Tech Services,251.87,526.16,2902.38,26105.0,0,47,3,10,0.08678050427580124
LID1915,Borrower 916,Manufacturing,374.93,1359.79,1276.19,0.0,1,61,1,850,0.29378854245841135
LID1916,Borrower 917,Manufacturing,448.79,1509.6,2225.86,295419.0,0,80,4,850,0.20162543915610145
LID1917,Borrower 918,Retail,316.87,1712.01,1135.55,33487.0,0,83,1,150,0.2790453965038968
LID1918,Borrower 919,Real Estate,226.19,903.0,2062.62,14628.0,0,50,5,250,0.10966149848251254
LID1091,Borrower 92,Real Estate,342.34,1932.51,2879.11,3111.0,0,36,3,250,0.11890480044180318
LID1919,Borrower 920,Oil & Gas,235.68,675.57,2445.48,176985.0,0,92,2,1500,0.09637371804308356
LID1920,Borrower 921,Retail,363.03,718.06,2848.26,0.0,1,29,5,150,0.12745676307640452
LID1921,Borrower 922,Manufacturing,51.45,1453.98,1290.6,289853.0,0,27,3,850,0.0398651789865179
LID1922,Borrower 923,Retail,328.82,1651.88,2382.4,9152.0,0,40,1,150,0.13802048354600402
LID1923,Borrower 924,Real Estate,209.97,445.07,907.9,0.0,1,78,1,250,0.23126996365238464
LID1924,Borrower 925,Manufacturing,407.39,804.79,2972.45,75900.0,0,69,4,850,0.1370552910898417
LID1925,Borrower 926,Oil & Gas,91.85,1813.69,223.44,216116.0,0,88,1,1500,0.4110723236663086
LID1926,Borrower 927,Manufacturing,314.69,1632.72,1870.06,233716.0,0,89,5,850,0.16827802316503215
LID1927,Borrower 928,Tech Services,266.44,1971.23,2029.59,33834.0,0,49,3,10,0.131277745751605
LID1928,Borrower 929,Tech Services,339.05,1533.07,2110.93,30918.0,0,36,2,10,0.16061641077629293
LID1092,Borrower 93,Real Estate,323.48,487.16,1287.25,41791.0,0,51,1,250,0.251295397164498
LID1929,Borrower 930,Manufacturing,79.18,847.07,493.1,0.0,1,94,1,850,0.16057594808355305
LID1930,Borrower 931,Oil & Gas,310.99,1222.21,2824.81,26352.0,0,39,2,1500,0.11009236019413696
LID1931,Borrower 932,Retail,302.67,1355.93,666.37,16880.0,0,67,1,150,0.4542071221693654
LID1932,Borrower 933,Retail,302.3,249.07,1924.85,0.0,1,92,3,150,0.1570511987947113
LID1933,Borrower 934,Tech Services,321.57,1134.54,784.63,49407.0,0,21,5,10,0.4098364834380536
LID1934,Borrower 935,Oil & Gas,354.41,1447.71,1025.57,118649.0,0,56,3,1500,0.3455736809774077
LID1935,Borrower 936,Manufacturing,412.25,417.91,1707.41,220586.0,0,20,2,850,0.24144757263926062
LID1936,Borrower 937,Oil & Gas,171.42,1583.2,1339.0,0.0,1,23,1,1500,0.12802091112770725
LID1937,Borrower 938,Retail,421.27,1209.17,606.64,10998.0,0,73,2,150,0.6944316233680601
LID1938,Borrower 939,Oil & Gas,274.22,1909.22,637.17,73982.0,0,44,5,1500,0.4303718003044714
LID1093,Borrower 94,Tech Services,280.71,1094.33,2543.43,0.0,1,60,5,10,0.11036670952218068
LID1939,Borrower 940,Tech Services,84.68,180.6,1341.71,0.0,1,22,3,10,0.06311348950220241
LID1940,Borrower 941,Manufacturing,76.35,604.12,2308.26,125105.0,0,28,2,850,0.03307686309167944
LID1941,Borrower 942,Tech Services,200.41,1242.95,2709.2,12099.0,0,93,2,10,0.07397386682415473
LID1942,Borrower 943,Real Estate,403.2,663.46,389.76,0.0,1,53,5,250,1.0344827586206897
LID1943,Borrower 944,Retail,368.46,1457.41,1270.35,44030.0,0,62,1,150,0.29004605030109815
LID1944,Borrower 945,Manufacturing,404.88,1542.11,435.7,289786.0,0,93,2,850,0.9292632545329356
LID1945,Borrower 946,Oil & Gas,282.77,294.78,197.29,0.0,1,41,5,1500,1.4332708196056567
LID1946,Borrower 947,Oil & Gas,248.09,1076.32,2035.9,103537.0,0,89,1,1500,0.12185765509111449
LID1947,Borrower 948,Retail,116.35,1066.89,1866.98,851.0,0,21,1,150,0.06231989630312054
LID1948,Borrower 949,Retail,197.69,801.63,614.6,0.0,1,85,3,150,0.32165636186137325
LID1094,Borrower 95,Real Estate,153.8,645.56,687.34,2735.0,0,25,5,250,0.22376116623505107
LID1949,Borrower 950,Tech Services,245.31,1872.56,816.37,0.0,1,51,5,10,0.30048874897411715
LID1950,Borrower 951,Tech Services,89.87,1672.26,217.57,7757.0,0,35,1,10,0.41306246265569707
LID1951,Borrower 952,Real Estate,149.28,1424.7,2529.6,8403.0,0,20,3,250,0.05901328273244782
LID1952,Borrower 953,Oil & Gas,319.2,1457.22,2927.87,237655.0,0,91,4,1500,0.10902123386625773
LID1953,Borrower 954,Retail,381.05,977.26,536.06,31006.0,0,67,5,150,0.7108346080662613
LID1954,Borrower 955,Manufacturing,499.26,1849.89,809.7,16324.0,0,69,4,850,0.6165987402741756
LID1955,Borrower 956,Manufacturing,469.9,1419.73,2624.97,187896.0,0,32,1,850,0.17901156965603418
LID1956,Borrower 957,Tech Services,339.15,1485.06,2790.42,15791.0,0,34,5,10,0.12154084331390973
LID1957,Borrower 958,Oil & Gas,239.56,1737.21,1345.94,112511.0,0,72,3,1500,0.17798713167005958
LID1958,Borrower 959,Oil & Gas,336.28,620.74,294.27,231610.0,0,63,1,1500,1.1427600502939477
LID1095,Borrower 96,Manufacturing,129.44,1606.42,2066.51,133056.0,0,46,2,850,0.06263700635370745
LID1959,Borrower 960,Real Estate,403.54,1633.43,262.27,40641.0,0,27,5,250,1.538643382773478
LID1960,Borrower 961,Oil & Gas,103.25,470.96,1785.76,121906.0,0,93,5,1500,0.057818519845891946
LID1961,Borrower 962,Tech Services,234.46,756.15,1269.75,47384.0,0,65,4,10,0.18465052175625124
LID1962,Borrower 963,Manufacturing,427.91,737.66,231.66,123719.0,0,88,1,850,1.8471466804800138
LID1963,Borrower 964,Manufacturing,222.72,1959.2,1812.27,232235.0,0,38,3,850,0.12289559502723105
LID1964,Borrower 965,Manufacturing,307.34,1727.42,182.21,146712.0,0,57,3,850,1.686735085889907
LID1965,Borrower 966,Manufacturing,314.5,1432.22,2394.01,269567.0,0,30,1,850,0.1313695431514488
LID1966,Borrower 967,Real Estate,133.01,1481.41,1023.33,0.0,1,62,1,250,0.12997762207694485
LID1967,Borrower 968,Manufacturing,213.01,1167.94,264.74,28963.0,0,39,2,850,0.8046007403490216
LID1968,Borrower 969,Tech Services,200.53,1899.47,1826.8,0.0,1,39,4,10,0.10977118458506678
LID1096,Borrower 97,Tech Services,149.22,1197.43,2934.47,42278.0,0,39,4,10,0.050850749879876096
LID1969,Borrower 970,Manufacturing,61.79,1042.89,1283.4,248184.0,0,40,1,850,0.04814555088047374
LID1970,Borrower 971,Real Estate,60.89,822.98,2925.33,39670.0,0,76,1,250,0.020814745686811402
LID1971,Borrower 972,Retail,424.26,409.77,1700.97,0.0,1,69,2,150,0.24942238840191183
LID1972,Borrower 973,Real Estate,172.88,1593.79,934.43,40353.0,0,93,2,250,0.1850111832882078
LID1973,Borrower 974,Manufacturing,283.14,1495.44,2171.9,255489.0,0,45,5,850,0.13036511809936
LID1974,Borrower 975,Oil & Gas,184.43,830.27,923.75,88878.0,0,49,3,1500,0.19965358592692828
LID1975,Borrower 976,Manufacturing,473.31,147.87,2727.09,285821.0,0,92,4,850,0.17355862842810468
LID1976,Borrower 977,Tech Services,166.68,1694.09,1217.96,2968.0,0,50,5,10,0.13685178495188677
LID1977,Borrower 978,Oil & Gas,243.35,121.69,1717.13,47523.0,0,61,1,1500,0.14171903117411028
LID1978,Borrower 979,Manufacturing,442.73,1437.03,294.13,162662.0,0,87,2,850,1.505218780811206
LID1097,Borrower 98,Manufacturing,133.9,1305.71,440.4,80935.0,0,44,5,850,0.30404178019981837
LID1979,Borrower 980,Tech Services,428.87,1943.49,1364.45,29002.0,0,80,3,10,0.31431712411594415
LID1980,Borrower 981,Manufacturing,133.75,931.56,2522.24,0.0,1,80,5,850,0.05302826059375793
LID1981,Borrower 982,Real Estate,411.19,546.45,2446.1,1340.0,0,89,3,250,0.168100241200278
LID1982,Borrower 983,Oil & Gas,256.18,1439.25,789.31,288229.0,0,87,2,1500,0.32456195917953656
LID1983,Borrower 984,Oil & Gas,267.34,1652.54,794.33,0.0,1,36,5,1500,0.33656037163395564
LID1984,Borrower 985,Real Estate,110.07,1138.22,2479.32,7582.0,0,38,5,250,0.044395237403804265
LID1985,Borrower 986,Manufacturing,86.27,1937.37,2801.64,7162.0,0,70,3,850,0.030792678573978098
LID1986,Borrower 987,Real Estate,377.57,198.17,421.78,28559.0,0,89,2,250,0.8951823225378159
LID1987,Borrower 988,Manufacturing,273.41,1059.11,1432.67,279883.0,0,82,1,850,0.1908394815274976
LID1988,Borrower 989,Manufacturing,246.58,1465.06,1111.74,200786.0,0,94,5,850,0.22179646320182778
LID1098,Borrower 99,Oil & Gas,400.81,1616.04,173.71,128249.0,0,85,2,1500,2.3073513326809048
LID1989,Borrower 990,Retail,378.28,1739.02,2631.46,41222.0,0,49,1,150,0.1437528976309729
LID1990,Borrower 991,Real Estate,394.48,440.59,388.05,0.0,1,44,2,250,1.0165700296353564
LID1991,Borrower 992,Real Estate,121.51,1620.01,751.71,27330.0,0,94,5,250,0.16164478322757447
LID1992,Borrower 993,Manufacturing,324.6,1150.14,2294.53,139490.0,0,90,5,850,0.1414668799274797
LID1993,Borrower 994,Tech Services,110.91,853.45,296.19,25199.0,0,45,1,10,0.3744555859414565
LID1994,Borrower 995,Manufacturing,388.12,350.26,1553.73,24447.0,0,75,4,850,0.24979887110373103
LID1995,Borrower 996,Oil & Gas,345.63,1744.06,1410.01,0.0,1,41,1,1500,0.24512592109275821
LID1996,Borrower 997,Retail,480.48,398.82,1103.04,25409.0,0,38,1,150,0.4355961705831158
LID1997,Borrower 998,Oil & Gas,81.03,688.6,1274.53,230249.0,0,50,4,1500,0.06357637717433093
LID1998,Borrower 999,Retail,75.67,651.09,1660.33,0.0,1,45,2,150,0.04557527720392934
